A  GERADORA  ALUGUEL DE MAQUINAS SA,GEAM11,80000000.0
A BODYTECH PARTICIPACOES SA,BODY12,190000000.0
A BODYTECH PARTICIPACOES SA,BODY13,120000000.0
AB CONCESSOES SA,ATBC12,500000000.0
AB CONCESSOES SA,ATBC22,400000000.0
ABIMEX IMPORTACAO E EXPORTACAO S/A,ABMX11,60000000.0
ABRIL COMUNICACOES S/A,EABR18,772000000.0
ACECO TI S/A,ACEC14,220000000.0
ACECO TI S/A,ACEC15,31500000.0
ACEF SA,ACEF11,122000000.0
ADAMI SA - MADEIRAS,ADMA11,150000000.0
ADHER INVESTIMENTOS S/A,ADHE11,75500000.0
AEGEA INVESTIMENTOS SA,AEGE12,140000000.0
AEROPORTOS BRASIL -  VIRACOPOS SA,VRCP11,75000000.0
AEROPORTOS BRASIL -  VIRACOPOS SA,VRCP21,75000000.0
AEROPORTOS BRASIL -  VIRACOPOS SA,VRCP31,75000000.0
AEROPORTOS BRASIL -  VIRACOPOS SA,VRCP41,75000000.0
AES SUL DISTR GAUCHA DE ENERGIA SA,AESL13,100000000.0
AES SUL DISTR GAUCHA DE ENERGIA SA,AESL23,275000000.0
AES SUL DISTR GAUCHA DE ENERGIA SA,AESL33,450000000.0
AES SUL DISTR GAUCHA DE ENERGIA SA,AESL43,125000000.0
AES SUL DISTR GAUCHA DE ENERGIA SA,AESS12,290000000.0
AES TIETE ENERGIA S/A,TIET12,498000000.0
AES TIETE ENERGIA S/A,TIET13,300000000.0
AES TIETE ENERGIA S/A,TIET14,143500000.0
AES TIETE ENERGIA S/A,TIET24,148742000.0
AES TIETE ENERGIA S/A,TIET34,301758000.0
AGEO TERMINAIS E ARMAZENS GERAIS S/A,AGEO11,150000000.0
AGROVIA DO NORDESTE SA,AGND11,35000000.0
AGUAS DE NITEROI SA,ANTR11,52000000.0
AGUAS DE SAO FRANCISCO DO SUL SPE SA,AGSF11,41500000.0
AGUAS DE SINOP S A,AUSP11,78000000.0
AGUAS DE TIMON SANEAMENTO SA,AGTS12,29000000.0
AGUAS DE TIMON SANEAMENTO SA,AGTS22,26000000.0
AGUAS DO PARAIBA S/A,APAB11,48000000.0
AGUAS GUARIROBA  S/A,AGGU12,200000000.0
AGV LOGISTICA SA,AGVL11,120000000.0
ALESAT COMBUSTIVEIS  S/A,ALEC11,50000000.0
ALESAT COMBUSTIVEIS  S/A,ALES12,75000000.0
ALESAT COMBUSTIVEIS  S/A,ALES13,20000000.0
ALGAR TECNOLOGIA E CONSULTORIA  SA,ALGT11,80000000.0
ALGAR TELECOM SA,ALGA12,61385000.0
ALGAR TELECOM SA,ALGA13,200000000.0
ALGAR TELECOM SA,ALGA14,200000000.0
ALGAR TELECOM SA,ALGA15,210000000.0
ALGAR TELECOM SA,ALGA22,232600000.0
ALGAR TI CONSULTORIA SA,AGTI11,50000000.0
ALIANSCE SHOPPING CENTERS S/A,ALSC12,100000000.0
ALL - AMERICA LATINA  LOGISTICA MALHA NORTE S/A,FERR16,166666666.0
ALL - AMERICA LATINA  LOGISTICA MALHA NORTE S/A,FERR18,160000000.0
ALL - AMERICA LATINA  LOGISTICA MALHA NORTE S/A,FERR19,2840000000.0
ALL AMERICA LATINA LOGISTICA MALHA PAULISTA SA,FFBA11,166666666.0
ALL-AMERICA LATINA LOGISTICA MALHA SUL S/A,PIUM13,166666668.0
ALL-AMERICA LATINA LOGISTICA S/A,ALLG10,750000000.0
ALLPARK EMPREENDIMENTOS PARTICIPACOES E SERVICOS S/A,AEPS16,143300000.0
ALLPARK EMPREENDIMENTOS PARTICIPACOES E SERVICOS S/A,AEPS17,260000000.0
ALPHAVILLE URBANISMO S/A,AUSA11,800000000.0
ALTAR EMPREENDIMENTOS E PARTICIPACOES SA,ALTA11,45000000.0
ALUBAM PARTICIPACOES S/A,ALUB11,62000000.0
ALUPAR INVESTIMENTO S/A,ALPA14,150000000.0
ALUPAR INVESTIMENTO S/A,APAR16,250000000.0
AMBEV SA,ABEV11,1000000000.0
AMPLA ENERGIA E SERVICOS S/A,AMPL17,100000000.0
AMPLA ENERGIA E SERVICOS S/A,AMPL18,150000000.0
AMPLA ENERGIA E SERVICOS S/A,AMPL26,183000000.0
AMPLA ENERGIA E SERVICOS S/A,AMPL27,300000000.0
AMPLA ENERGIA E SERVICOS S/A,AMPL28,150000000.0
ANDRADE GUTIERREZ CONCESSOES S/A,ANDG11,254000000.0
ANDRADE GUTIERREZ PARTICIPACOES SA,CANT12,82940000.0
ANDRADE GUTIERREZ PARTICIPACOES SA,CANT22,78450000.0
ANDRADE GUTIERREZ PARTICIPACOES SA,CANT32,478060000.0
ANDRADE GUTIERREZ S/A,AGUT14,600000000.0
AQUA-RIO AQUARIO MARINHO DO RIO DE JANEIRO S/A,AARJ11,50000000.0
ARAUCARIA SANEAMENTO S/A,ARSN11,95500000.0
ARM TELECOMUNICACOES E SERVICOS DE ENGENHARIA SA,ARMT11,120000000.0
ARMAZEM MATEUS SA,AMTE11,125000000.0
ARMCO DO BRASIL SA,ARMB11,113000000.0
ARTECOLA QUIMICA SA,ARTC11,60000000.0
ARTERIS SA,OHLB12,300000000.0
ARTERIS SA,OHLB13,750000000.0
ASCENTY DATA CENTERS LOCACAO E SERVICOS SA,ACDL12,350000000.0
ATENTO BRASIL SA,BRAZ11,915000000.0
ATIVAS DATA CENTER SA,ATDC11,90000000.0
ATIVAS DATA CENTER SA,ATDC12,73000000.0
ATRIUM EMPREENDIMENTOS IMOBILIARIOS S/A,ATRM11,100000000.0
AUCKLAND PARTICIPACOES SA,AUCK11,200000000.0
AUCKLAND PARTICIPACOES SA,AUCK12,28500000.0
AUTO ADESIVOS PARANA SA,CCRR11,45000000.0
AUTO RICCI SA,RICI11,70000000.0
AUTOPISTA PLANALTO SUL S/A,APPS12,100000000.0
AUTOVIAS S/A,AVIA13,300000000.0
AUTOVIAS S/A,AVIA21,120000000.0
AVISTA SA ADMINISTRADORA DE CARTOES DE CREDITO,AVIS11,50000000.0
AXXIOM SOLUCOES TECNOLOGICAS SA,AXOM11,15000000.0
AZUL LINHAS AEREAS BRASILEIRAS SA,AZLA15,1000000000.0
AZUL LINHAS AEREAS BRASILEIRAS SA,AZLA16,200000000.0
BANDEIRANTE ENERGIA S/A,EBEN15,300000000.0
BANDEIRANTE ENERGIA S/A,EBEN16,100000000.0
BARAO DE TEFE SPE EMPREENDIMENTOS IMOBILIARIOS SA,TFSPA1,2393615.0
BARAO DE TEFE SPE EMPREENDIMENTOS IMOBILIARIOS SA,TFSPB1,3158598.0
BARAO DE TEFE SPE EMPREENDIMENTOS IMOBILIARIOS SA,TFSPC1,2184213.0
BARAO DE TEFE SPE EMPREENDIMENTOS IMOBILIARIOS SA,TFSPD1,504478.0
BARAO DE TEFE SPE EMPREENDIMENTOS IMOBILIARIOS SA,TFSPE1,504478.0
BARAO DE TEFE SPE EMPREENDIMENTOS IMOBILIARIOS SA,TFSPF1,504478.0
BARAO DE TEFE SPE EMPREENDIMENTOS IMOBILIARIOS SA,TFSPG1,2136007.0
BARAO DE TEFE SPE EMPREENDIMENTOS IMOBILIARIOS SA,TFSPH1,1116914.0
BARAO DE TEFE SPE EMPREENDIMENTOS IMOBILIARIOS SA,TFSPI1,1116914.0
BARAO DE TEFE SPE EMPREENDIMENTOS IMOBILIARIOS SA,TFSPJ1,1116914.0
BARAO DE TEFE SPE EMPREENDIMENTOS IMOBILIARIOS SA,TFSPK1,1116914.0
BARAO DE TEFE SPE EMPREENDIMENTOS IMOBILIARIOS SA,TFSPL1,1116914.0
BARAO DE TEFE SPE EMPREENDIMENTOS IMOBILIARIOS SA,TFSPM1,1350543.0
BARAO DE TEFE SPE EMPREENDIMENTOS IMOBILIARIOS SA,TFSPN1,1350543.0
BARAO DE TEFE SPE EMPREENDIMENTOS IMOBILIARIOS SA,TFSPO1,1350543.0
BARAO DE TEFE SPE EMPREENDIMENTOS IMOBILIARIOS SA,TFSPP1,670148.0
BARAO DE TEFE SPE EMPREENDIMENTOS IMOBILIARIOS SA,TFSPQ1,670148.0
BARAO DE TEFE SPE EMPREENDIMENTOS IMOBILIARIOS SA,TFSPR1,459447.0
BARAO DE TEFE SPE EMPREENDIMENTOS IMOBILIARIOS SA,TFSPS1,1004691.0
BARAO DE TEFE SPE EMPREENDIMENTOS IMOBILIARIOS SA,TFSPT1,1000.0
BATTISTELLA ADMINISTRACAO E PARTICIPACOES S/A,BTTP13,120000000.0
BB LEASING S/A ARREND MERCANTIL,BBLS12,20000000000.0
BB LEASING S/A ARREND MERCANTIL,BBLS13,20000000000.0
BCBF PARTICIPACOES SA,BCBF11,400000000.0
BCLV COMERCIO DE VEICULOS SA,BCLV11,50000000.0
BELO MONTE TRANSMISSORA DE ENERGIA SPE SA,BMTE11,203000000.0
BELO MONTE TRANSMISSORA DE ENERGIA SPE SA,BMTE21,200000000.0
BEMATECH S/A,BEMA11,50000000.0
BHG SA - BRAZIL HOSPITALITY GROUP,BHGR13,400000000.0
BINGEN SECURITIZADORA S/A,BGEN11,42000000.0
BIOFLEX AGROINDUSTRIAL SA,BFLE11,80000000.0
BK BRASIL OPERACAO E ASSESSORIA A RESTAURANTES S/A,BKBR11,150000000.0
BK BRASIL OPERACAO E ASSESSORIA A RESTAURANTES S/A,BKBR12,100000000.0
BK BRASIL OPERACAO E ASSESSORIA A RESTAURANTES S/A,BKBR13,100000000.0
BK BRASIL OPERACAO E ASSESSORIA A RESTAURANTES S/A,BKBR16,80000000.0
BM EMPREENDIMENTOS E PARTICIPACOES SPE SA,BMEP11,35000000.0
BM EMPREENDIMENTOS E PARTICIPACOES SPE SA,BMEP21,20000000.0
BM EMPREENDIMENTOS E PARTICIPACOES SPE SA,BMEP31,20000000.0
BM EMPREENDIMENTOS E PARTICIPACOES SPE SA,BMEP41,20000000.0
BM EMPREENDIMENTOS E PARTICIPACOES SPE SA,BMEP51,15000000.0
BMCHYUNDAI SA,MBHY11,140000000.0
BNDES PARTICIPACOES S/A - BNDESPAR,BNDP36,1289000000.0
BNDES PARTICIPACOES S/A - BNDESPAR,BNDS35,525000000.0
BOA VISTA SERVICOS SA,BOAV11,75000000.0
BOA VISTA SERVICOS SA,BOAV12,40000000.0
BOA VISTA SERVICOS SA,BOAV22,40000000.0
BORGATO MAQUINAS S/A,BORG12,30000000.0
BORGATO MAQUINAS S/A,COBO11,30000000.0
BR MALLS PARTICIPACOES S/A,BRML12,165750000.0
BR MALLS PARTICIPACOES S/A,BRML13,420000000.0
BR MALLS PARTICIPACOES S/A,BRML22,239250000.0
BR PROPERTIES SA,BRPR11,369036000.0
BR PROPERTIES SA,BRPR14,400000000.0
BR PROPERTIES SA,BRPR15,500000000.0
BR PROPERTIES SA,BRPR21,230964000.0
BR TOWERS SPE1   SA,TOWE12,300000000.0
BRADESCO LEASING S/A - ARRENDAMENTO MERCANTIL,BRAM11,4000000000.0
BRADESCO LEASING S/A - ARRENDAMENTO MERCANTIL,BRAM13,4050000000.0
BRADESCO LEASING S/A - ARRENDAMENTO MERCANTIL,BRAM14,8775000000.0
BRADESCO LEASING S/A - ARRENDAMENTO MERCANTIL,BRAM15,6750000000.0
BRADESCO LEASING S/A - ARRENDAMENTO MERCANTIL,BRAM16,4750000000.0
BRADESCO LEASING S/A - ARRENDAMENTO MERCANTIL,BRAM26,4750000000.0
BRADESCO LEASING S/A - ARRENDAMENTO MERCANTIL,BRAMA7,990000000.0
BRADESCO LEASING S/A - ARRENDAMENTO MERCANTIL,BRAMB7,990000000.0
BRADESCO LEASING S/A - ARRENDAMENTO MERCANTIL,BRAMC7,990000000.0
BRADESCO LEASING S/A - ARRENDAMENTO MERCANTIL,BRAMD7,990000000.0
BRADESCO LEASING S/A - ARRENDAMENTO MERCANTIL,BRAME7,990000000.0
BRADESCO LEASING S/A - ARRENDAMENTO MERCANTIL,BRAMF7,5050000000.0
BRADESPAR SA,BPAR16,1260000000.0
BRAINFARMA INDUSTRIA QUIMICA E FARMACEUTICA S/A,BRIQ11,350000000.0
BRASHOP S/A,BRSP12,100000000.0
BRASOIL MANATI EXPLORACAO PETROLIFERA SA,BSOI11,80000000.0
BRASOIL MANATI EXPLORACAO PETROLIFERA SA,BSOI21,80000000.0
BRAZPEIXES SPE SA,BRAX11,225000000.0
BRINOX METALURGICA SA,CELE11,80000000.0
BRITANIA ELETRODOMESTICOS  SA,BREL11,200000000.0
BROOKFIELD INCORPORACOES S/A,BISA24,223240000.0
BV LEASING ARRENDAMENTO MERCANTIL SA,BVLS14,3000000000.0
BV LEASING ARRENDAMENTO MERCANTIL SA,BVLS15,1500000000.0
BV LEASING ARRENDAMENTO MERCANTIL SA,BVLS21,2000000000.0
BV LEASING ARRENDAMENTO MERCANTIL SA,BVLS24,1000000000.0
BV LEASING ARRENDAMENTO MERCANTIL SA,BVSA12,6000000000.0
CAB CUIABA S/A  -  CONCESSIONARIA DE SERVICOS PUBLICOS DE AGUA E ESGOTO,CABC11,179500000.0
CACHOEIRA PAULISTA TRANSMISSORA DE ENERGIA SA,CPTE11,220000000.0
CALAMO DISTRIBUIDORA DE PRODUTOS DE BELEZA SA,CLMO12,420000000.0
CALOI NORTE SA,CALO11,100000000.0
CAMARGO CORREA CONSTRUCOES E PARTICIPACOES SA,CCCP11,470000000.0
CAMARGO CORREA INVESTIMENTOS EM INFRA-ESTRUTURA S/A,CCIF12,325000000.0
CAMARGO CORREA INVESTIMENTOS EM INFRA-ESTRUTURA S/A,CCIF22,325000000.0
CAMARGO CORREA S/A,CCDM12,400000000.0
CAMARGO CORREA S/A,CCHOA4,850000000.0
CAMARGO CORREA S/A,CCHOA7,600000000.0
CAMIL ALIMENTOS S/A,CAML12,300000000.0
CAMIL ALIMENTOS S/A,CAML14,200000000.0
CAMIL ALIMENTOS S/A,CAML22,150000000.0
CAMIL ALIMENTOS S/A,DOCE11,170000000.0
CAMPOS DOS VENTOS V ENERGIAS RENOVAVEIS SA,CVER11,42000000.0
CAMPOS NOVOS ENERGIA S/A,CNEN11,110000000.0
CANABRAVA AGRICOLA SA,CNBA11,20000000.0
CANABRAVA ENERGETICA S/A,CNBE11,66000000.0
CANDEIAS ENERGIA SA,CADS12,105000000.0
CANDEIAS ENERGIA SA,CADS22,60000000.0
CAPRICORNIO SA,CRNI11,35700000.0
CAPRICORNIO SA,CRNI21,9900000.0
CAPRICORNIO SA,CRNI31,8400000.0
CAPRICORNIO SA,CRNI41,11000000.0
CAPUCHE EMPREENDIMENTOS IMOBILIARIOS S/A,CAPE11,37000000.0
CARUANA S/A PARTICIPACOES E EMPREENDIMENTOS,CARU11,10000000.0
CARVALHO HOSKEN S/A ENGENHARIA E CONSTRUCOES,HOSK11,300000000.0
CARVALHO HOSKEN S/A ENGENHARIA E CONSTRUCOES,HOSK12,110000000.0
CASA E VIDEO RIO DE JANEIRO S/A,CVRJ13,70000000.0
CASA E VIDEO RIO DE JANEIRO S/A,CVRJ15,50000000.0
CASA E VIDEO RIO DE JANEIRO S/A,CVRJ16,25000000.0
CAVAN ROCBRA INDUSTRIA E COMERCIO DE PRE MOLDADOS DE CONCRETO SA,CVAN11,35000000.0
CCAB AGRO SA,CCGR12,10500000.0
CCAB AGRO SA,CCGR22,10500000.0
CCAB AGRO SA,CCGR32,10500000.0
CCAB AGRO SA,CCGR42,10500000.0
CCR S/A,CCRD18,400000000.0
CCR S/A,CCRD27,100000000.0
CEB DISTRIBUICAO S/A,CEBD11,130000000.0
CEB DISTRIBUICAO S/A,CEBD12,71000000.0
CECRISA REVESTIMENTOS CERAMICOS S/A,CCRC14,90000000.0
CECRISA REVESTIMENTOS CERAMICOS S/A,CCRC15,90000000.0
CELESC DISTRIBUICAO SA,CLCD11,300000000.0
CELESC DISTRIBUICAO SA,CLCD12,300000000.0
CELESC GERACAO SA,CLGR11,150000000.0
CELULOSE IRANI S/A,CELU12,60000000.0
CELULOSE IRANI S/A,WAVE11,80000000.0
CEMIG DISTRIBUICAO S/A,CMDT12,400000000.0
CEMIG DISTRIBUICAO S/A,CMDT13,410817000.0
CEMIG DISTRIBUICAO S/A,CMDT14,1615000000.0
CEMIG DISTRIBUICAO S/A,CMDT23,1095508000.0
CEMIG DISTRIBUICAO S/A,CMDT33,653675000.0
CEMIG GERACAO E TRANSMISSAO S/A,CMTR13,480000000.0
CEMIG GERACAO E TRANSMISSAO S/A,CMTR14,500000000.0
CEMIG GERACAO E TRANSMISSAO S/A,CMTR15,1400000000.0
CEMIG GERACAO E TRANSMISSAO S/A,CMTR16,972750000.0
CEMIG GERACAO E TRANSMISSAO S/A,CMTR23,200000000.0
CEMIG GERACAO E TRANSMISSAO S/A,CMTR26,27250000.0
CEMIG GERACAO E TRANSMISSAO S/A,CMTR33,670000000.0
CENTRAIS ELETRICAS DA PARAIBA S/A - EPASA,EPSA13,130000000.0
CENTRAIS EOLICAS DE CAETITE PARTICIPACOES S/A,CAET12,33500000.0
CENTROVIAS SISTEMAS RODOVIARIOS S/A,CSSA12,400000000.0
CENTROVIAS SISTEMAS RODOVIARIOS S/A,CVIA21,120000000.0
CEOS ADMINISTRADORA DE BENS SA,CEOS11,357893756.0
CEOS ADMINISTRADORA DE BENS SA,CEOS21,313912565.0
CEOS ADMINISTRADORA DE BENS SA,CEOS31,95317302.0
CEOS ADMINISTRADORA DE BENS SA,CEOS41,317416240.0
CEOS ADMINISTRADORA DE BENS SA,CEOS51,292069412.0
CERRADINHO BIOENERGIA SA,CERA12,150000000.0
CERRADINHO BIOENERGIA SA,CERA13,80000000.0
CETIP SA - MERCADOS ORGANIZADOS,CTIP12,500000000.0
CETREL S/A,CTRL11,150000000.0
CHAPADA DO PIAUI  I  HOLDING SA,CHPA11,100000000.0
CIA DE AGUAS DO BRASIL - CAB AMBIENTAL,CABA11,100000000.0
CIA DE ELETRIC DO EST DA BAHIA-COELBA,CEEB18,250000000.0
CIA PAULISTA DE SECURITIZACAO,CPSC12,800000000.0
CIA PAULISTA DE SECURITIZACAO,CPSC13,740000000.0
CIA PAULISTA DE SECURITIZACAO,CPSC22,5118620000.0
CIA SANEAMENTO BASICO EST SP - SABESP,SBESA2,500000000.0
CIA SANEAMENTO BASICO EST SP - SABESP,SBESA7,424680000.0
CIA SANEAMENTO BASICO EST SP - SABESP,SBESB7,395230000.0
CIA SANEAMENTO BASICO EST SP - SABESP,SBESC7,180090000.0
CIA SANEAMENTO BASICO EST SP - SABESP,SBSPA5,287330000.0
CIA SANEAMENTO BASICO EST SP - SABESP,SBSPA9,500000000.0
CIA SANEAMENTO BASICO EST SP - SABESP,SBSPB0,500000000.0
CIA SANEAMENTO BASICO EST SP - SABESP,SBSPB5,483750000.0
CIELO SA,CIEL14,4600000000.0
CIMAR - CIMENTOS DO MARANHAO SA,CIMA11,80000000.0
CIPASA DESENVOLVIMENTO URBANO S/A,CPDU12,50000000.0
CLINICA DELFIN GONZALEZ MIRANDA SA,DFNG11,50000000.0
CODEME  ENGENHARIA S/A,CODE11,60000000.0
COLUMBIA DO NORDESTE S/A,CLND11,25000000.0
COMIL  ONIBUS SA,COMI11,110000000.0
COMPANHIA ADMINISTRADORA DE EMPREENDIMENTOS E SERVICOS,CAES11,15000000.0
COMPANHIA AGRICOLA USINA JACAREZINHO,CAUJ12,82200000.0
COMPANHIA BRASILEIRA DE BEBIDAS PREMIUM,CBBP11,50000000.0
COMPANHIA BRASILEIRA DE BEBIDAS PREMIUM,CBBP21,25000000.0
COMPANHIA BRASILEIRA DE DISTRIBUICAO,CBRDA2,900000000.0
COMPANHIA BRASILEIRA DE VIDROS PLANOS - CBVP,CBVP11,400000000.0
COMPANHIA CATARINENSE DE AGUAS E SANEAMENTO - CASAN,CASN11,83330000.0
COMPANHIA CATARINENSE DE AGUAS E SANEAMENTO - CASAN,CASN21,166650000.0
COMPANHIA CATARINENSE DE AGUAS E SANEAMENTO - CASAN,CASN31,16670000.0
COMPANHIA CATARINENSE DE AGUAS E SANEAMENTO - CASAN,CASN41,33350000.0
COMPANHIA DE CONCESSAO RODOVIARIA JUIZ DE FORA - RIO,RFFR11,200000000.0
COMPANHIA DE DESENVOLVIMENTO  ECONOMICO DE MINAS GERAIS-CODEMIG,COMG11,700000000.0
COMPANHIA DE GAS DE MINAS GERAIS GASMIG,CGMG13,100000000.0
COMPANHIA DE GAS DE MINAS GERAIS GASMIG,CGMG15,100000000.0
COMPANHIA DE GAS DE SAO PAULO - COMGAS,GASP13,128197000.0
COMPANHIA DE GAS DE SAO PAULO - COMGAS,GASP14,269620000.0
COMPANHIA DE GAS DE SAO PAULO - COMGAS,GASP23,269338000.0
COMPANHIA DE GAS DE SAO PAULO - COMGAS,GASP24,242374000.0
COMPANHIA DE GAS DE SAO PAULO - COMGAS,GASP33,142465000.0
COMPANHIA DE GAS DE SAO PAULO - COMGAS,GASP34,79900000.0
COMPANHIA DE LOCACAO DAS AMERICAS,LCAM17,100000000.0
COMPANHIA DE LOCACAO DAS AMERICAS,LCAM18,125000000.0
COMPANHIA DE LOCACAO DAS AMERICAS,LCAM19,230000000.0
COMPANHIA DE LOCACAO DAS AMERICAS,LCAM28,100000000.0
COMPANHIA DE LOCACAO DAS AMERICAS,LCAMA0,100000000.0
COMPANHIA DE PARTICIPACOES EM CONCESSOES,CPCC14,1250000000.0
COMPANHIA DE PROJETOS AMBIENTAIS,CMPA11,300000000.0
COMPANHIA DE PROJETOS AMBIENTAIS,CMPA21,200000000.0
COMPANHIA DE SANEAMENTO  DO PARANA - SANEPAR,SAPR13,199670000.0
COMPANHIA DE SANEAMENTO  DO PARANA - SANEPAR,SAPR15,111160000.0
COMPANHIA DE SANEAMENTO  DO PARANA - SANEPAR,SAPR23,100330000.0
COMPANHIA DE SANEAMENTO  DO PARANA - SANEPAR,SAPR25,188840000.0
COMPANHIA DE SANEAMENTO DE MINAS GERAIS COPASA MG,CSMG16,200000000.0
COMPANHIA DE SANEAMENTO DE MINAS GERAIS COPASA MG,CSMG17,130000000.0
COMPANHIA DE SANEAMENTO DE MINAS GERAIS COPASA MG,CSMG19,332000000.0
COMPANHIA DE SANEAMENTO DE MINAS GERAIS COPASA MG,CSMG26,200000000.0
COMPANHIA DE SANEAMENTO DE MINAS GERAIS COPASA MG,CSMG27,120000000.0
COMPANHIA DE SANEAMENTO DE MINAS GERAIS COPASA MG,CSMG29,18000000.0
COMPANHIA DE SANEAMENTO DO TOCANTINS - SANEATINS,FOZI11,116000000.0
COMPANHIA DE SANEAMENTO DO TOCANTINS - SANEATINS,SNTI11,74000000.0
COMPANHIA DE SANEAMENTO DO TOCANTINS - SANEATINS,SNTI13,50000000.0
COMPANHIA DE SANEAMENTO DO TOCANTINS - SANEATINS,SNTI23,140000000.0
COMPANHIA DO METRO DA BAHIA,MTBA11,610000000.0
COMPANHIA DO METRO DA BAHIA,MTBA12,500000000.0
COMPANHIA DO METRO DA BAHIA,MTBA13,200000000.0
COMPANHIA ENERGETICA DE PERNAMBUCO-CELPE,CEPE15,206890000.0
COMPANHIA ENERGETICA DE PERNAMBUCO-CELPE,CEPE16,150000000.0
COMPANHIA ENERGETICA DO CEARA-COELCE,CEAR13,104000000.0
COMPANHIA ENERGETICA DO CEARA-COELCE,CEAR23,296000000.0
COMPANHIA ENERGETICA DO JARI - CEJA,CEJA12,350000000.0
COMPANHIA ENERGETICA DO MARANHAO - CEMAR,ENMA14,101380000.0
COMPANHIA ENERGETICA DO MARANHAO - CEMAR,ENMA16,200000000.0
COMPANHIA ENERGETICA DO MARANHAO - CEMAR,ENMA24,178620000.0
COMPANHIA ENERGETICA DO RIO GRANDE DO NORTE-COSERN,CRGN15,100000000.0
COMPANHIA ENERGETICA SINOP SA,SNOP11,147000000.0
COMPANHIA ENERGETICA SINOP SA,SNOP21,153000000.0
COMPANHIA EST DE AGUAS E ESGOTOS- CEDAE,CDAE12,100000000.0
COMPANHIA EST DE AGUAS E ESGOTOS- CEDAE,CDAE13,150000000.0
COMPANHIA EST DE AGUAS E ESGOTOS- CEDAE,CDAE16,200000000.0
COMPANHIA LIGNA DE INVESTIMENTOS,LIGN12,50000000.0
COMPANHIA LUZ E FORCA SANTA CRUZ,CLFS11,65000000.0
COMPANHIA MARANHENSE DE REFRIGERANTES,CMRE11,350000000.0
COMPANHIA MARANHENSE DE REFRIGERANTES,CMRE12,200000000.0
COMPANHIA MELHORAMENTOS  NORTE DO PARANA,CMNP11,160000000.0
COMPANHIA METRO NORTE,MTRN11,170000000.0
COMPANHIA NACIONAL DE ALCOOL,CPNA11,42000000.0
COMPANHIA PARANAENSE DE ENERGIA-COPEL,CPEL15,1000000000.0
COMPANHIA PAULISTA DE FORCA E LUZ,PALF16,660000000.0
COMPANHIA PAULISTA DE FORCA E LUZ,PALF17,505000000.0
COMPANHIA PERNAMBUCANA DE SANEAMENTO,CPES13,100000000.0
COMPANHIA PIRATININGA DE FORCA E LUZ,CPFP16,110000000.0
COMPANHIA PIRATININGA DE FORCA E LUZ,CPFP17,235000000.0
COMPANHIA SIDERURGICA NACIONAL,CSNA15,1150000000.0
COMPANHIA SIDERURGICA NACIONAL,CSNA17,400000000.0
COMPANHIA SIDERURGICA NACIONAL,CSNA18,100000000.0
COMPANHIA SIDERURGICA NACIONAL,CSNA19,100000000.0
COMPANHIA TRANSIRAPE DE TRANSMISSAO,TRSR11,42500000.0
COMPANHIA TRANSLESTE DE TRANSMISSAO,TRLT11,55000000.0
COMPANHIA TRANSUDESTE DE TRANSMISSAO,TRSU11,47500000.0
COMPLEXO MARACANA ENTRETENIMENTO SA,MARA11,90000000.0
COMPORTE PARTICIPACOES SA,CMPO12,85500000.0
CONCESSAO METROVIARIA DO RIO DE JANEIRO S/A,MTRJ16,210000000.0
CONCESSIONARIA AUTO RAPOSO TAVARES S/A,CART12,380000000.0
CONCESSIONARIA AUTO RAPOSO TAVARES S/A,CART22,370000000.0
CONCESSIONARIA BAHIA NORTE S/A,CCBN12,38000000.0
CONCESSIONARIA DA LINHA 4 DO METRO DE SAO PAULO SA,CNLM11,99000000.0
CONCESSIONARIA DA LINHA 4 DO METRO DE SAO PAULO SA,CNLM21,16500000.0
CONCESSIONARIA DA LINHA 4 DO METRO DE SAO PAULO SA,CNLM31,24750000.0
CONCESSIONARIA DA LINHA 4 DO METRO DE SAO PAULO SA,CNLM41,24750000.0
CONCESSIONARIA DA RODOVIA DOS LAGOS S/A,RDLA12,150000000.0
CONCESSIONARIA DA RODOVIA DOS LAGOS S/A,RDLA13,65000000.0
CONCESSIONARIA DA RODOVIA MG-050 SA,CRMG13,530000000.0
CONCESSIONARIA DAS RODOVIAS AYRTON SENNA E CARVALHO PINTO S/A - ECOPISTAS,ECPT11,92500000.0
CONCESSIONARIA DAS RODOVIAS AYRTON SENNA E CARVALHO PINTO S/A - ECOPISTAS,ECPT21,92500000.0
CONCESSIONARIA DAS RODOVIAS AYRTON SENNA E CARVALHO PINTO S/A - ECOPISTAS,ECPT31,92500000.0
CONCESSIONARIA DAS RODOVIAS AYRTON SENNA E CARVALHO PINTO S/A - ECOPISTAS,ECPT41,92500000.0
CONCESSIONARIA DE RODOVIAS DO INTERIOR PAULISTA S/A,CRIP13,600000000.0
CONCESSIONARIA DE RODOVIAS DO INTERIOR PAULISTA S/A,IVIA14,150000000.0
CONCESSIONARIA DE RODOVIAS DO INTERIOR PAULISTA S/A,IVIA24,225000000.0
CONCESSIONARIA DE RODOVIAS DO OESTE DE SAO PAULO - VIAOESTE SA,VOES14,750000000.0
CONCESSIONARIA DE RODOVIAS DO OESTE DE SAO PAULO - VIAOESTE SA,VOES15,290000000.0
CONCESSIONARIA DE RODOVIAS DO OESTE DE SAO PAULO - VIAOESTE SA,VOES25,150000000.0
CONCESSIONARIA DO AEROPORTO INTERNACIONAL DE GUARULHOS SA,AGRU11,75000000.0
CONCESSIONARIA DO AEROPORTO INTERNACIONAL DE GUARULHOS SA,AGRU12,300000000.0
CONCESSIONARIA DO AEROPORTO INTERNACIONAL DE GUARULHOS SA,AGRU21,75000000.0
CONCESSIONARIA DO AEROPORTO INTERNACIONAL DE GUARULHOS SA,AGRU31,75000000.0
CONCESSIONARIA DO AEROPORTO INTERNACIONAL DE GUARULHOS SA,AGRU41,75000000.0
CONCESSIONARIA DO CENTRO ADMINISTRATIVO DO DISTRITO FEDERAL SA - CENTRAD,CTRD11,50000000.0
CONCESSIONARIA DO CENTRO ADMINISTRATIVO DO DISTRITO FEDERAL SA - CENTRAD,CTRD21,50000000.0
CONCESSIONARIA DO RODOANEL OESTE S/A,CROD13,560000000.0
CONCESSIONARIA DO RODOANEL OESTE S/A,CROD14,550000000.0
CONCESSIONARIA DO RODOANEL OESTE S/A,CROD15,750000000.0
CONCESSIONARIA DO SISTEMA ANHANGUERA-BANDEIRANTES S/A,ANHB14,965000000.0
CONCESSIONARIA DO SISTEMA ANHANGUERA-BANDEIRANTES S/A,ANHB15,450000000.0
CONCESSIONARIA DO SISTEMA ANHANGUERA-BANDEIRANTES S/A,ANHB16,545000000.0
CONCESSIONARIA DO SISTEMA ANHANGUERA-BANDEIRANTES S/A,ANHB24,135000000.0
CONCESSIONARIA ECOVIA CAMINHO DO MAR S/A,CECM11,143000000.0
CONCESSIONARIA ECOVIAS DOS IMIGRANTES SA,ECOV12,200000000.0
CONCESSIONARIA ECOVIAS DOS IMIGRANTES SA,ECOV22,681000000.0
CONCESSIONARIA RIO - TERESOPOLIS S/A,CRTE11,12948704.999999998
CONCESSIONARIA RODOVIAS DO TIETE S/A,RDVT11,1065000000.0
CONCESSIONARIA ROTA DAS BANDEIRAS S/A,CBAN11,550000000.0
CONCESSIONARIA ROTA DAS BANDEIRAS S/A,CBAN21,550000000.0
CONCESSIONARIA VIARIO SA,COTR14,400000000.0
CONE SA,CONE11,250000000.0
CONE SA,CONE12,69000000.0
CONSTRUTORA  TRIUNFO  SA,TRIF11,60000000.0
CONSTRUTORA ATERPA S/A,ATMM14,50000000.0
CONSTRUTORA QUEIROZ GALVAO S/A,GALV14,200000000.0
CONSTRUTORA TENDA S/A,TEND11,600000000.0
CONTAX PARTICIPACOES S/A,CTAP11,212640000.0
CONTAX PARTICIPACOES S/A,CTAP13,310000000.0
CONTAX PARTICIPACOES S/A,CTAP21,187360000.0
CONTAX PARTICIPACOES S/A,CTXP11,55000000.0
COPEL  DISTRIBUICAO S/A,CPLD11,1000000000.0
COPEL GERACAO E TRANSMISSAO SA,CPGT11,1000000000.0
COPEL GERACAO E TRANSMISSAO SA,CPGT12,1000000000.0
COPEL TELECOMUNICACOES SA,CTEL11,160000000.0
COPOBRAS S/A IND E COM DE EMBALAGENS,CICE12,100000000.0
COPOBRAS S/A IND E COM DE EMBALAGENS,CICE13,100000000.0
CORUMBA CONCESSOES  SA,CRUM12,270000000.0
CORUMBA CONCESSOES  SA,CRUM22,211500000.0
COTEMINAS SA,CTMS12,270000000.0
CPE PENINSULA DO TUCURUCUTUBA,TCTB12,6000000.0
CPE PENINSULA DO TUCURUCUTUBA,TCTB22,2550000.0
CPE PENINSULA DO TUCURUCUTUBA,TCTB32,2550000.0
CPE PENINSULA DO TUCURUCUTUBA,TCTB42,2550000.0
CPE PENINSULA DO TUCURUCUTUBA,TCTB52,2550000.0
CPE PENINSULA DO TUCURUCUTUBA,TCTB62,1800000.0
CPFL ENERGIAS RENOVAVEIS SA,ERSA11,430000000.0
CPFL ENERGIAS RENOVAVEIS SA,ERSA12,300000000.0
CPFL ENERGIAS RENOVAVEIS SA,ERSA13,296000000.0
CPFL GERACAO DE ENERGIA S/A,CPGE15,1092000000.0
CPFL GERACAO DE ENERGIA S/A,CPGE16,460000000.0
CPFL GERACAO DE ENERGIA S/A,CPGE17,635000000.0
CPFL GERACAO DE ENERGIA S/A,CPGE18,70000000.0
CPQ BRASIL S/A,CPQB13,75000000.0
CREMER S/A,CMER14,200000000.0
CREMER S/A,CMER15,75000000.0
CROMEX S/A,CRMX12,28000000.0
CROMOSSOMO PARTICIPACOES  III S/A,CRSM12,2185000000.0
CRUZEIRO DO SUL EDUCACIONAL SA,CZED11,85000000.0
CTEEP - COMPANHIA DE TRANSMISSAO DE ENERGIA ELETRICA PAULISTA,CTEE13,500000000.0
CTEEP - COMPANHIA DE TRANSMISSAO DE ENERGIA ELETRICA PAULISTA,TEEP21,57600000.0
CYRELA BRAZIL REALTY S/A EMPREENDIMENTOS E PARTICIPACOES,CYRE12,249750000.0
CYRELA BRAZIL REALTY S/A EMPREENDIMENTOS E PARTICIPACOES,CYRE16,400000000.0
CYRELA BRAZIL REALTY S/A EMPREENDIMENTOS E PARTICIPACOES,CYRE22,249750000.0
CYRELA COMMERCIAL PROPERTIES S/A EMPREENDIMENTOS E PARTICIPACOES,CCPE11,300000000.0
CYRELA COMMERCIAL PROPERTIES S/A EMPREENDIMENTOS E PARTICIPACOES,CCPE12,204420000.0
CYRELA COMMERCIAL PROPERTIES S/A EMPREENDIMENTOS E PARTICIPACOES,CCPE13,150000000.0
CYRELA COMMERCIAL PROPERTIES S/A EMPREENDIMENTOS E PARTICIPACOES,CCPE15,80000000.0
CYRELA COMMERCIAL PROPERTIES S/A EMPREENDIMENTOS E PARTICIPACOES,CCPE16,150000000.0
CYRELA COMMERCIAL PROPERTIES S/A EMPREENDIMENTOS E PARTICIPACOES,CCPE25,120000000.0
DELGA INDUSTRIA E COMERCIO S/A,DELG12,45000000.0
DELGA INDUSTRIA E COMERCIO S/A,DELG22,45000000.0
DIAGNOSTICOS DA AMERICA S/A,DASA13,250000000.0
DIAGNOSTICOS DA AMERICA S/A,DASA14,450000000.0
DIAGNOSTICOS DA AMERICA S/A,DASA15,249820000.0
DIAGNOSTICOS DA AMERICA S/A,DASA16,200000000.0
DIAGNOSTICOS DA AMERICA S/A,DASA25,150180000.0
DIBENS LEASING S/A ARRENDAMENTO MERCANTIL,BFBL15,350000000.0
DIBENS LEASING S/A ARRENDAMENTO MERCANTIL,BFBL34,68936000000.0
DIBENS LEASING S/A ARRENDAMENTO MERCANTIL,BFBLA6,900000000.0
DIBENS LEASING S/A ARRENDAMENTO MERCANTIL,BFBLA7,910000000.0
DIBENS LEASING S/A ARRENDAMENTO MERCANTIL,BFBLA8,900000000.0
DIBENS LEASING S/A ARRENDAMENTO MERCANTIL,BFBLB6,900000000.0
DIBENS LEASING S/A ARRENDAMENTO MERCANTIL,BFBLB7,910000000.0
DIBENS LEASING S/A ARRENDAMENTO MERCANTIL,BFBLB8,900000000.0
DIBENS LEASING S/A ARRENDAMENTO MERCANTIL,BFBLC6,900000000.0
DIBENS LEASING S/A ARRENDAMENTO MERCANTIL,BFBLC7,910000000.0
DIBENS LEASING S/A ARRENDAMENTO MERCANTIL,BFBLC8,900000000.0
DIBENS LEASING S/A ARRENDAMENTO MERCANTIL,BFBLD6,900000000.0
DIBENS LEASING S/A ARRENDAMENTO MERCANTIL,BFBLD7,910000000.0
DIBENS LEASING S/A ARRENDAMENTO MERCANTIL,BFBLD8,900000000.0
DIBENS LEASING S/A ARRENDAMENTO MERCANTIL,BFBLE6,900000000.0
DIBENS LEASING S/A ARRENDAMENTO MERCANTIL,BFBLE7,910000000.0
DIBENS LEASING S/A ARRENDAMENTO MERCANTIL,BFBLE8,900000000.0
DIBENS LEASING S/A ARRENDAMENTO MERCANTIL,BFBLF6,900000000.0
DIBENS LEASING S/A ARRENDAMENTO MERCANTIL,BFBLF7,910000000.0
DIBENS LEASING S/A ARRENDAMENTO MERCANTIL,BFBLF8,900000000.0
DIBENS LEASING S/A ARRENDAMENTO MERCANTIL,BFBLG6,900000000.0
DIBENS LEASING S/A ARRENDAMENTO MERCANTIL,BFBLG7,910000000.0
DIBENS LEASING S/A ARRENDAMENTO MERCANTIL,BFBLG8,900000000.0
DIBENS LEASING S/A ARRENDAMENTO MERCANTIL,BFBLH6,900000000.0
DIBENS LEASING S/A ARRENDAMENTO MERCANTIL,BFBLH7,910000000.0
DIBENS LEASING S/A ARRENDAMENTO MERCANTIL,BFBLH8,900000000.0
DIBENS LEASING S/A ARRENDAMENTO MERCANTIL,BFBLI6,900000000.0
DIBENS LEASING S/A ARRENDAMENTO MERCANTIL,BFBLI7,910000000.0
DIBENS LEASING S/A ARRENDAMENTO MERCANTIL,BFBLI8,900000000.0
DIBENS LEASING S/A ARRENDAMENTO MERCANTIL,BFBLJ6,900000000.0
DIBENS LEASING S/A ARRENDAMENTO MERCANTIL,BFBLJ7,910000000.0
DIBENS LEASING S/A ARRENDAMENTO MERCANTIL,BFBLJ8,900000000.0
DIBENS LEASING S/A ARRENDAMENTO MERCANTIL,BFBLK6,900000000.0
DIBENS LEASING S/A ARRENDAMENTO MERCANTIL,BFBLK7,900000000.0
DIBENS LEASING S/A ARRENDAMENTO MERCANTIL,BFBLK8,900000000.0
DIBENS LEASING S/A ARRENDAMENTO MERCANTIL,BFBLL6,900000000.0
DIBENS LEASING S/A ARRENDAMENTO MERCANTIL,BFBLL8,100000000.0
DIBENS LEASING S/A ARRENDAMENTO MERCANTIL,BFBLM6,900000000.0
DIBENS LEASING S/A ARRENDAMENTO MERCANTIL,BFBLN6,900000000.0
DIBENS LEASING S/A ARRENDAMENTO MERCANTIL,BFBLO6,900000000.0
DIBENS LEASING S/A ARRENDAMENTO MERCANTIL,BFBLP6,900000000.0
DIBENS LEASING S/A ARRENDAMENTO MERCANTIL,BFBLQ6,600000000.0
DIBENS LEASING S/A ARRENDAMENTO MERCANTIL,BLAN15,1200000000.0
DIBENS LEASING S/A ARRENDAMENTO MERCANTIL,DIBN15,5000000000.0
DIBENS LEASING S/A ARRENDAMENTO MERCANTIL,DIBN24,6750000000.0
DIBENS LEASING S/A ARRENDAMENTO MERCANTIL,DIBNA8,990000000.0
DIBENS LEASING S/A ARRENDAMENTO MERCANTIL,DIBNB8,990000000.0
DIBENS LEASING S/A ARRENDAMENTO MERCANTIL,DIBNC8,990000000.0
DIBENS LEASING S/A ARRENDAMENTO MERCANTIL,DIBND8,990000000.0
DIBENS LEASING S/A ARRENDAMENTO MERCANTIL,DIBNE8,990000000.0
DIBENS LEASING S/A ARRENDAMENTO MERCANTIL,DIBNF8,990000000.0
DIBENS LEASING S/A ARRENDAMENTO MERCANTIL,DIBNG8,990000000.0
DIBENS LEASING S/A ARRENDAMENTO MERCANTIL,DIBNH8,990000000.0
DIBENS LEASING S/A ARRENDAMENTO MERCANTIL,DIBNI8,990000000.0
DIBENS LEASING S/A ARRENDAMENTO MERCANTIL,DIBNJ8,990000000.0
DIBENS LEASING S/A ARRENDAMENTO MERCANTIL,DIBNK8,990000000.0
DIBENS LEASING S/A ARRENDAMENTO MERCANTIL,DIBNL8,990000000.0
DIBENS LEASING S/A ARRENDAMENTO MERCANTIL,DIBNM8,990000000.0
DIBENS LEASING S/A ARRENDAMENTO MERCANTIL,DIBNN8,990000000.0
DIBENS LEASING S/A ARRENDAMENTO MERCANTIL,DIBNO8,990000000.0
DIBENS LEASING S/A ARRENDAMENTO MERCANTIL,DIBNP8,990000000.0
DIBENS LEASING S/A ARRENDAMENTO MERCANTIL,DIBNQ8,990000000.0
DIBENS LEASING S/A ARRENDAMENTO MERCANTIL,DIBNR8,990000000.0
DIBENS LEASING S/A ARRENDAMENTO MERCANTIL,DIBNS8,990000000.0
DIBENS LEASING S/A ARRENDAMENTO MERCANTIL,DIBNT8,990000000.0
DIBENS LEASING S/A ARRENDAMENTO MERCANTIL,DIBNU8,200000000.0
DIBENS LEASING S/A ARRENDAMENTO MERCANTIL,ILAM14,6505000000.0
DIBENS LEASING S/A ARRENDAMENTO MERCANTIL,ILAM15,100000000.0
DIBENS LEASING S/A ARRENDAMENTO MERCANTIL,ILAM16,900000000.0
DIBENS LEASING S/A ARRENDAMENTO MERCANTIL,ILAM18,500000000.0
DIBENS LEASING S/A ARRENDAMENTO MERCANTIL,ILAM24,19505000000.0
DIBENS LEASING S/A ARRENDAMENTO MERCANTIL,ILAM25,200000000.0
DIBENS LEASING S/A ARRENDAMENTO MERCANTIL,ILAM28,1500000000.0
DIBENS LEASING S/A ARRENDAMENTO MERCANTIL,ILAMA9,700000000.0
DIBENS LEASING S/A ARRENDAMENTO MERCANTIL,ILAMB9,700000000.0
DIBENS LEASING S/A ARRENDAMENTO MERCANTIL,ILAMC9,600000000.0
DIBENS LEASING S/A ARRENDAMENTO MERCANTIL,ILAMD9,700000000.0
DIBENS LEASING S/A ARRENDAMENTO MERCANTIL,ILAME9,700000000.0
DIBENS LEASING S/A ARRENDAMENTO MERCANTIL,ILAMF9,600000000.0
DIBENS LEASING S/A ARRENDAMENTO MERCANTIL,LBAM13,372546000.0
DIBENS LEASING S/A ARRENDAMENTO MERCANTIL,LBAM14,200000000.0
DIBENS LEASING S/A ARRENDAMENTO MERCANTIL,UBLS16,2400000000.0
DIBENS LEASING S/A ARRENDAMENTO MERCANTIL,UBLS17,2400000000.0
DIMED SA   DISTRIBUIDORA DE MEDICAMENTOS,PNVL11,60000000.0
DIRECIONAL ENGENHARIA SA,DIRR11,200000000.0
DISMOBRAS IMPORTACAO EXPORTACAO E DISTRIBUICAO DE MOVEIS E ELETRODOMESTICOS S/A,DISM11,219421000.0
DISTRIBUIDORA  DE  AGUA  CAMACARI  SA,AGCM11,170000000.0
DISTRIBUIDORA DE AGUAS TRIUNFO SA,AGFO11,220000000.0
DOBREVE  ENERGIA  SA,DBRV11,35000000.0
DOBREVE  ENERGIA  SA,DBRV12,65000000.0
DOBREVE PARTICIPACOES SA,DOBR11,100000000.0
DUKE ENERGY INTERNATIONAL GERACAO PARANAPANEMA S/A,GEPA13,150000000.0
DUKE ENERGY INTERNATIONAL GERACAO PARANAPANEMA S/A,GEPA14,250000000.0
DUKE ENERGY INTERNATIONAL GERACAO PARANAPANEMA S/A,GEPA15,239000000.0
DUKE ENERGY INTERNATIONAL GERACAO PARANAPANEMA S/A,GEPA24,250000000.0
DUKE ENERGY INTERNATIONAL GERACAO PARANAPANEMA S/A,GEPA25,240000000.0
EBPH PARTICIPACOES SA,EBPH11,50000000.0
ECOPORTO SANTOS S/A,ECPH11,600000000.0
ECORODOVIAS CONCESSOES E SERVICOS S/A,ECCR12,240000000.0
ECORODOVIAS CONCESSOES E SERVICOS S/A,ECCR22,160000000.0
ECORODOVIAS CONCESSOES E SERVICOS S/A,ECCR32,400000000.0
ECORODOVIAS INFRAESTRUTURA E LOGISTICA S/A,ECOR11,232000000.0
ECORODOVIAS INFRAESTRUTURA E LOGISTICA S/A,ECOR21,368000000.0
ECOSTEEL GESTAO DE EFLUENTES INDUSTRIAIS  S/A,ECEE11,32450000.0
ECTE - EMPRESA CATARINENSE DE TRANSMISSAO DE ENERGIA S/A,ECTE12,80000000.0
ECTE - EMPRESA CATARINENSE DE TRANSMISSAO DE ENERGIA S/A,ECTE13,70000000.0
EDITORA ATICA SA,EDAT13,140000000.0
EDITORA ATICA SA,EDAT14,400000000.0
EDITORA E DISTRIBUIDORA EDUCACIONAL S/A,EDED11,550000000.0
EDITORA E DISTRIBUIDORA EDUCACIONAL S/A,EDED12,400000000.0
EDITORA E DISTRIBUIDORA EDUCACIONAL S/A,EDED22,85000000.0
EDITORA E DISTRIBUIDORA EDUCACIONAL S/A,EDED32,85000000.0
EDITORA SCIPIONE SA,SCIP12,200000000.0
EDP ENERGIAS DO BRASIL SA,ENBR14,664253000.0
EDP ENERGIAS DO BRASIL SA,ENBR15,250000000.0
EDP ENERGIAS DO BRASIL SA,ENBR24,179887000.0
EDP ENERGIAS DO BRASIL SA,ENBR34,48066000.0
ELDORADO BRASIL CELULOSE SA,ELDO12,940000000.0
ELEJOR - CENTRAIS ELETRICAS DO RIO JORDAO SA,ELEJ12,203000000.0
ELEKTRO ELETRICIDADE E SERVICOS S/A,EKTR15,120000000.0
ELEKTRO ELETRICIDADE E SERVICOS S/A,EKTR25,180000000.0
ELEKTRO ELETRICIDADE E SERVICOS S/A,ELEK16,220000000.0
ELEKTRO ELETRICIDADE E SERVICOS S/A,ELEK26,100000000.0
ELEKTRO ELETRICIDADE E SERVICOS S/A,ELEK36,330000000.0
ELETROPAULO METROPOL ELETR DE SP S/A,ELSP13,400000000.0
ELETROPAULO METROPOL ELETR DE SP S/A,ELSP19,250000000.0
ELETROPAULO METROPOL ELETR DE SP S/A,ELSPA5,750000000.0
ELETROPAULO METROPOL ELETR DE SP S/A,ELSPA6,350000000.0
ELETROPAULO METROPOL ELETR DE SP S/A,ELSPA8,200000000.0
ELETROPAULO METROPOL ELETR DE SP S/A,ELSPA9,320000000.0
ELETROPAULO METROPOL ELETR DE SP S/A,ELSPB7,90000000.0
ELETROPAULO METROPOL ELETR DE SP S/A,ELSPB8,200000000.0
ELETROPAULO METROPOL ELETR DE SP S/A,EMSP11,200000000.0
ELETROPAULO METROPOL ELETR DE SP S/A,EMSP14,600000000.0
ELETROZEMA SA,ELZM11,130000000.0
ELIANE S/A REVESTIMENTOS CERAMICOS,ELNE11,78000000.0
ELIANE S/A REVESTIMENTOS CERAMICOS,ELNE21,52000000.0
ELOG SA,ELOG12,300000000.0
ELOG SA,ELOG13,60000000.0
ELOG SA,ELOG14,40000000.0
EMPREENDIMENTOS PAGUE MENOS S/A,PGMN12,100000000.0
EMPREENDIMENTOS PAGUE MENOS S/A,PGMN13,114000000.0
EMPRESA AMAZONENSE DE TRANSMISSAO DE ENERGIA SA,EATE12,150000000.0
EMPRESA AMAZONENSE DE TRANSMISSAO DE ENERGIA SA,EATE13,270000000.0
EMPRESA AMAZONENSE DE TRANSMISSAO DE ENERGIA SA,EATE14,159000000.0
EMPRESA BRASILEIRA DE AGREGADOS MINERAIS S/A,EBAG12,45000000.0
EMPRESA CONCESSIONARIA DE RODOVIAS DO NORTE SA - ECONORTE,ECNT13,246000000.0
EMPRESA CONCESSIONARIA DE RODOVIAS DO SUL SA – ECOSUL,ECOS11,148000000.0
EMPRESA DE ENERGIA CACHOEIRA CALDEIRAO SA,CADR13,156500000.0
EMPRESA DE ENERGIA SAO MANOEL SA,ESAM12,532000000.0
EMPRESA DE TRANSMISSAO DO ALTO URUGUAI SA,ETAU11,10000000.0
EMPRESA NORTE DE TRANSMISSAO DE ENERGIA SA,ENTE12,248000000.0
EMPRESA PARAENSE DE TRANSMISSAO DE ENERGIA S/A,ETEP11,70000000.0
EMPRESA PARAENSE DE TRANSMISSAO DE ENERGIA S/A,ETEP12,69000000.0
EMS   SA,EMSS12,47200000.0
ENERGEST SA,ENGT11,120000000.0
ENERGEST SA,ENGT12,36000000.0
ENERGEST SA,ENGT22,54000000.0
ENERGISA MATO GROSSO - DISTRIBUIDORA DE ENERGIA SA,CEMT15,200000000.0
ENERGISA MATO GROSSO - DISTRIBUIDORA DE ENERGIA SA,CEMT25,250000000.0
ENERGISA MATO GROSSO DO SUL - DISTRIBUIDORA DE ENERGIA SA,ESUL17,400000000.0
ENERGISA SA,ENGI15,128570000.0
ENERGISA SA,ENGI25,271430000.0
ENERGISA SERGIPE - DISTRIBUIDORA DE ENERGIA S/A,ENSE13,60000000.0
ENOVA FOODS S/A,CSDC12,20000000.0
ENOVA FOODS S/A,CSDC13,15000000.0
EOLICA SERRA DAS VACAS I  SA,ELVC11,64000000.0
EOLICA SERRA DAS VACAS II  SA,ELVA11,57000000.0
EOLICA SERRA DAS VACAS III  SA,ELVS11,57000000.0
EOLICA SERRA DAS VACAS IV  SA,ELVV11,57000000.0
ESPIRITO SANTO CENTRAIS ELETRICAS S/A - ESCELSA,ESCE13,176800000.0
ESPIRITO SANTO CENTRAIS ELETRICAS S/A - ESCELSA,ESCE14,120000000.0
ESTACIO PARTICIPACOES SA,ESTC11,200000000.0
ESTACIO PARTICIPACOES SA,ESTC12,300000000.0
ESTACIO PARTICIPACOES SA,ESTC13,187000000.0
ESTALEIRO ATLANTICO SUL S/A,ATLA11,220000000.0
ESTRE AMBIENTAL SA,ESTA12,750000000.0
ESTRE AMBIENTAL SA,ETAM11,680000000.0
EUCATEX S/A - INDUSTRIA E COMERCIO,EXIC16,75000000.0
EVEN CONSTRUTORA E INCORPORADORA SA,EVEC16,150000000.0
FERREIRA GOMES ENERGIA SA,FGEN13,210900000.0
FERTILIZANTES HERINGER S/A,FHER12,260000000.0
FG TRUST S/A,FGTR11,6213221.96
FLAFLU PARTICIPACOES SA,FFLU11,6245104.25
FLEURY S/A,FLRY11,150000000.0
FLEURY S/A,FLRY12,500000000.0
FLEURY S/A,FLRY21,300000000.0
FONTE NOVA NEGOCIOS E PARTICIPACOES SA - FNP,FNTE11,94000000.0
FORJAS TAURUS S/A,FORJ12,50000000.0
FORJAS TAURUS S/A,FORJ13,100000000.0
FORNO DE MINAS ALIMENTOS S/A,FMAT11,12000000.0
FORTUNA COMERCIO SA,TFCM11,40000000.0
GAFISA S/A,GFSA28,11573000.0
GAFISA S/A,INHA17,600000000.0
GAIA C CIA SEC CRED FINANC SA,GACR11,8000000.0
GAIA CRED II COMPANHIA SECURITIZADORA DE CREDITOS FINANCEIROS SA,GCII11,100000000.0
GAS VERDE S/A,GASV11,150000000.0
GERADORA EOLICA BONS VENTOS DA SERRA I SA,GLIC11,10300000.0
GESTAMP EOLICA AGRESTE SA,GEAG11,84086000.0
GESTAMP EOLICA ALVORADA SA,GEAV11,58737000.0
GESTAMP EOLICA JARDINS SA,GEJR11,86559000.0
GESTAMP EOLICA LAGOA NOVA  SA,LANO11,112500000.0
GESTAMP EOLICA LANCHINHA  SA,LCNH11,89000000.0
GESTAMP EOLICA MACAMBIRA I SA,GEEM11,59973000.0
GESTAMP EOLICA MACAMBIRA II SA,GMCB11,55645000.0
GESTAMP EOLICA PARAISO  SA,PASO11,60000000.0
GESTAMP EOLICA SERRA DE SANTANA  SA,SSTN11,78500000.0
GLOBAL ENERGIA ELETRICA S/A,GBEE11,50000000.0
GLOBENET CABOS SUBMARINOS SA,BTYS11,638384000.0
GOLF VILLAGE EMPREENDIMENTOS IMOBILIARIOS S/A,GLFV12,36000000.0
GRAN JARDINS DOS MONOLITOS EMPREENDIMENTOS IMOBILIARIOS SA,GRJM11,4280000.0
GRAN JARDINS DOS MONOLITOS EMPREENDIMENTOS IMOBILIARIOS SA,GRJM21,5720000.0
GRANINVESTIMENTOS S/A,GRAI11,200000000.0
GUARACIABA TRANSMISSORA DE ENERGIA TP SUL SA,TPSU11,400000000.0
HAUSCENTER S/A,HAUS12,138499680.0
HAZTEC  INVESTIMENTOS E PARTICIPACOES S/A,HAZT14,280000000.0
HAZTEC  INVESTIMENTOS E PARTICIPACOES S/A,HAZT15,150000000.0
HAZTEC TECNOLOGIA E PLANEJAMENTO AMBIENTAL SA,HTPA11,245000000.0
HELBOR EMPREENDIMENTOS SA,HBOR12,90000000.0
HELBOR EMPREENDIMENTOS SA,HBOR13,150000000.0
HELBOR EMPREENDIMENTOS SA,HBOR14,100000000.0
HELBOR EMPREENDIMENTOS SA,HBOR24,50000000.0
HILL VALLEY PARTICIPACOES SA,HILV11,180000000.0
HOLCIM (BRASIL) S/A,HOLC11,450000000.0
HOPI HARI S/A,PLAY13,11942105.002559999
HOPI HARI S/A,PQTM11,21000000.0
HOPI HARI S/A,PQTM21,21000000.0
HOPI HARI S/A,PQTM31,12000000.0
HOPI HARI S/A,PQTM41,6000000.0
HORTIGIL HORTIFRUTI SA,HORT11,30000000.0
HOSPITAL ESPERANCA S/A,HSPE12,100000000.0
HOSPITAL ESPERANCA S/A,LEPS11,200000000.0
HSBX BAURU EMPREENDIMENTOS S/A,HSBX13,112443000.0
HYPERMARCAS S/A,HYPE17,400000000.0
IDIBRA PARTICIPACOES SA,IDIP11,50000000.0
IDIBRA PARTICIPACOES SA,IDIP12,30000000.0
IGUATEMI EMPRESA DE SHOPPING CENTERS SA,IGTA13,300000000.0
IGUATEMI EMPRESA DE SHOPPING CENTERS SA,IGTA14,400000000.0
IGUATEMI EMPRESA DE SHOPPING CENTERS SA,IGTA24,50000000.0
INBRANDS S/A,INBD11,250000000.0
INBRANDS S/A,INBD12,200000000.0
INEPAR S/A - INDUSTRIA E CONSTRUCOES,INPR13,20000000.0
INEPAR S/A - INDUSTRIA E CONSTRUCOES,INPR23,5000000.0
INPA - INDUSTRIA DE EMBALAGENS SANTANA S/A,INPA11,75000000.0
INTERCEMENT BRASIL SA,CCCI12,1000000000.0
INTERCEMENT BRASIL SA,CCCI22,500000000.0
INTERCEMENT BRASIL SA,SFCI11,1200000000.0
INTERLIGACAO ELETRICA DO MADEIRA S/A,IEMD12,350000000.0
INVESTIMENTOS E PARTICIPACOES EM INFRA-ESTRUTURA S/A - INVEPAR,IVPR13,2000000000.0
IOCHPE-MAXION S/A,IOCH16,320000000.0
IOCHPE-MAXION S/A,IOCH17,397732000.0
IPIRANGA  PRODUTOS DE PETROLEO SA,IPPT11,600000000.0
IPIRANGA  PRODUTOS DE PETROLEO SA,IPPT12,800000000.0
IPIRANGA  PRODUTOS DE PETROLEO SA,IPPT14,500000000.0
IRACEMA TRANSMISSORA DE ENERGIA S/A,IRAC11,109000000.0
IRTHA EMPREENDIMENTOS IMOBILIARIOS SA,IRTH11,50000000.0
ISOLUX ENERGIA E PARTICIPACOES S/A,ISOL13,90000000.0
ISOLUX ENERGIA E PARTICIPACOES S/A,ISOL23,90000000.0
ITAPEBI GERACAO DE ENERGIA S/A,ITAP13,200000000.0
ITAPOA TERMINAIS PORTUARIOS SA,ITPO11,450000000.0
ITSA INTTECHSYSTEMS-TECPINSTFINSA,ITSY11,30000000.0
J MACEDO S/A,JMCD12,100000000.0
JAURU TRANSMISSORA DE ENERGIA S/A,JAUR12,39000000.0
JCPM PARTICIPACOES E EMPREENDIMENTOS S/A,JCPM11,100000000.0
JCPM PARTICIPACOES E EMPREENDIMENTOS S/A,JCPM12,100000000.0
JEF INVESTIMENTOS SA,JEFP11,500000000.0
JHSF MANAUS EMPREENDIMENTOS E INCORPORACOES SA,JHMN11,94000000.0
JHSF PARTICIPACOES S/A,JHSP14,350000000.0
JHSF PARTICIPACOES S/A,JHSP15,300000000.0
JOAO FORTES ENGENHARIA S/A,JFEN13,175000000.0
JSL LOCACOES SA,JSLO11,300000000.0
JSL SA,JSML16,152429000.0
JSL SA,JSML17,170000000.0
JSL SA,JSML18,165175000.0
JSL SA,JSML19,100000000.0
JSL SA,JSML26,62472000.0
JSL SA,JSML28,71751000.0
JSL SA,JSML29,150000000.0
JSL SA,JSML36,185099000.0
JSL SA,JSML38,163074000.0
JUMIL - JUSTINO DE MORAIS IRMAOS SA,JSTN11,60000000.0
JUMIL - JUSTINO DE MORAIS IRMAOS SA,JSTN21,40000000.0
KUHN DO BRASIL  SA – IMPLEMENTOS AGRICOLAS,KUHN21,80000000.0
KURUMA VEICULOS S/A,KRMA11,112000000.0
LAJEADO ENERGIA SA,LJDE11,450000000.0
LC-EH PARTICIPACOES E EMPREENDIMENTOS SA,LCEH11,50000000.0
LDC SEV BIOENERGIA S/A,LDCS11,600000000.0
LETS RENT A CAR S/A,LETS13,90000000.0
LIBRA  TERMINAL RIO SA,LBRA11,270000000.0
LIGHT ENERGIA SA,LTEN12,425000000.0
LIGHT SERVICOS DE ELETRICIDADE S/A,LIGHA1,175000000.0
LIGHT SERVICOS DE ELETRICIDADE S/A,LSVE10,750000000.0
LIGHT SERVICOS DE ELETRICIDADE S/A,LSVE19,1000000000.0
LIGHT SERVICOS DE ELETRICIDADE S/A,LSVE29,600000000.0
LINEA AMARILLA BRASIL PARTICIPACOES SA,LNAM11,405000000.0
LINHARES GERACAO S/A,LGER11,51100000.0
LINHARES GERACAO S/A,LGER21,52200000.0
LINHARES GERACAO S/A,LGER31,53800000.0
LINHARES GERACAO S/A,LGER41,62900000.0
LINHAS DE TAUBATE TRANSMISSORA DE ENERGIA SA,LTTE14,44500000.0
LINHAS DE TRANSMISSAO DE MONTES CLAROS SA,LTMC12,25000000.0
LLX ACU OPERACOES PORTUARIAS SA,LLXA11,750000000.0
LOCALFRIO SA - ARMAZENS GERAIS FRIGORIFICOS,LCRF11,151000000.0
LOCALIZA RENT A CAR S/A,LORT10,200000000.0
LOCALIZA RENT A CAR S/A,LORT16,300000000.0
LOCALIZA RENT A CAR S/A,LORT17,500000000.0
LOCALIZA RENT A CAR S/A,LORT18,500000000.0
LOCALIZA RENT A CAR S/A,LORT19,500000000.0
LOG COMMERCIAL PROPERTIES E PARTICIPACOES S/A,MRVL13,100000000.0
LOG COMMERCIAL PROPERTIES E PARTICIPACOES S/A,MRVL14,100000000.0
LOG COMMERCIAL PROPERTIES E PARTICIPACOES S/A,MRVL17,100000000.0
LOG E PRINT DADOS VARIAVEIS   SA,LOGP11,50000000.0
LOG E PRINT GRAFICA E LOGISTICA S/A,LPGL14,30000000.0
LOGISTICA AMBIENTAL DE SAO PAULO S/A - LOGA,LOGA11,50000000.0
LOJAS AMERICANAS S/A,LAME14,500000000.0
LOJAS AMERICANAS S/A,LAME16,300000000.0
LOJAS AMERICANAS S/A,LAME17,300000000.0
LOJAS AMERICANAS S/A,LAME18,154600000.0
LOJAS AMERICANAS S/A,LAME19,700000000.0
LOJAS AMERICANAS S/A,LAME26,200000000.0
LOJAS AMERICANAS S/A,LAME27,350000000.0
LOJAS AMERICANAS S/A,LAME28,45400000.0
LOJAS AMERICANAS S/A,LAME29,250000000.0
LOJAS AMERICANAS S/A,LAME38,200000000.0
LOJAS INSINUANTE S/A,LJIN11,274579000.0
LOJAS LE BISCUIT SA,BISC11,90000000.0
LOJAS LE BISCUIT SA,BISC12,50000000.0
LOJAS RENNER S/A,LRNE15,220000000.0
LOJAS RENNER S/A,LRNE16,400000000.0
LOJAS RENNER S/A,LRNE24,84900000.0
LOJAS RENNER S/A,LRNE25,80000000.0
LOJAS RIACHUELO S / A,RCHL11,200000000.0
LSH BARRA EMPREENDIMENTOS IMOBILIARIOS S A,LSHB14,50000000.0
LUFT PARTICIPACOES SA,LUFT11,100000000.0
MADRI ADMINISTRACAO INTERMEDIACAO E PARTICIPACAO S/A,MDRI11,90000000.0
MAESTRO LOCADORA DE VEICULO SA,MSTL11,62000000.0
MAGAZINE LUIZA S/A,MGLU11,200000000.0
MAGAZINE LUIZA S/A,MGLU13,200000000.0
MAGAZINE LUIZA S/A,MGLU14,400000000.0
MAGAZINE LUIZA S/A,MGLU15,350000000.0
MAGAZINE LUIZA S/A,MGLU16,100000000.0
MAGNESITA REFRATARIOS SA,MAGN11,400000000.0
MAIA  E   BORBA SA,MAIB12,20000000.0
MAKRO ATACADISTA SOCIEDADE ANONIMA,MAKR11,275473400.0
MANAUS AMBIENTAL SA,MANA11,50000000.0
MAQUINA DE VENDAS BRASIL PARTICIPACOES S/A,MAQN11,380000000.0
MARACANAU GERADORA DE ENERGIA SA,MAGE11,244400000.0
MARFRIG GLOBAL FOODS SA,MRFG14,570000000.0
MARISA LOJAS S/A,AMAR11,300000000.0
MARISA LOJAS S/A,AMAR12,350000000.0
MARISA LOJAS S/A,AMAR13,100000000.0
MARISA LOJAS S/A,AMAR23,100000000.0
MARISOL VESTUARIO SA,GFVH11,205000000.0
MARLIN NAVEGACAO SA,MLNV11,209000000.0
MATA DE SANTA GENEBRA TRANSMISSAO SA,MSGT11,48000000.0
MATA DE SANTA GENEBRA TRANSMISSAO SA,MSGT21,250000000.0
MATA DE SANTA GENEBRA TRANSMISSAO SA,MSGT31,171000000.0
MATEUS SUPERMERCADOS  SA,MTSM11,60000000.0
MDL REALTY INCORPORADORA  SA,MDLR11,100000000.0
MENDES JUNIOR ENGENHARIA S/A,MEND17,450758100.0
MGI - MINAS GERAIS PARTICIPACOES SA,MMGP12,1819000000.0
MGI - MINAS GERAIS PARTICIPACOES SA,MMGP13,316000000.0
MGI - MINAS GERAIS PARTICIPACOES SA,MMGP15,650000000.0
MILLS ESTRUTURAS E SERVICOS DE ENGENHARIA S/A,MILS12,160940000.0
MILLS ESTRUTURAS E SERVICOS DE ENGENHARIA S/A,MILS13,200000000.0
MILLS ESTRUTURAS E SERVICOS DE ENGENHARIA S/A,MILS22,109060000.0
MINERVA S/A,BEEF13,450000000.0
MINERVA S/A,MNRV14,300000000.0
MINVEST PLANEJAMENTO E ADMINISTRACAO DE SHOPPING CENTER S/A,MINV11,285000000.0
MINVEST PLANEJAMENTO E ADMINISTRACAO DE SHOPPING CENTER S/A,MINV21,135000000.0
MIOLO WINES SA  - VITIVINICULTURA,MWVI11,60000000.0
MOURA DUBEUX ENGENHARIA S/A,MDNE14,175000000.0
MOURA DUBEUX ENGENHARIA S/A,MDNE15,30000000.0
MOURA DUBEUX ENGENHARIA S/A,MDUB12,400000000.0
MRS LOGISTICA S/A,MRSL16,300000000.0
MRS LOGISTICA S/A,MRSL17,336340000.0
MRS LOGISTICA S/A,MRSL27,214386000.0
MRS LOGISTICA S/A,MRSS15,300000000.0
MRT 2 SPE S/A,MRTS11,40000000.0
MRV ENGENHARIA E PARTICIPACOES SA,MRVE14,300000000.0
MRV ENGENHARIA E PARTICIPACOES SA,MRVE16,500000000.0
MRV ENGENHARIA E PARTICIPACOES SA,MRVE17,300000000.0
MTEL TECNOLOGIA SA,MTEL15,30000000.0
MULTIPLAN EMPREENDIMENTOS IMOBILIARIOS S/A,MULP13,400000000.0
MULTITERMINAIS SA,MTTM11,128990000.0
MVC COMPONENTES PLASTICOS SA,MVCP11,60000000.0
NAMPONT HOLDINGS SA,NAMP11,110000000.0
NASCENTES DO XINGU PARTICIPACOES E ADMINISTRACAO SA,NASX11,100000000.0
NATURA COSMETICOS S/A,NATU15,200000000.0
NATURA COSMETICOS S/A,NATU16,400000000.0
NATURA COSMETICOS S/A,NATU25,200000000.0
NATURA COSMETICOS S/A,NATU26,250000000.0
NATURA COSMETICOS S/A,NATU35,200000000.0
NATURA COSMETICOS S/A,NATU36,150000000.0
NATURAL ONE S/A,NTON11,50000000.0
NC ENERGIA SA,NCEN11,31600000.0
NCF PARTICIPACOES SA,NCFP12,5000000000.0
NEOENERGIA S/A,GNAN13,400000000.0
NET SERVICOS DE COMUNICACAO SA,PLIM13,200000000.0
NEUMARKT TRADE AND FINANCIAL CENTER S/A,NTFC11,1920000.0
NEUMARKT TRADE AND FINANCIAL CENTER S/A,NTFC12,260000.0
NEUMARKT TRADE AND FINANCIAL CENTER S/A,NTFC21,260000.0
NEUMARKT TRADE AND FINANCIAL CENTER S/A,NTFC22,260000.0
NEUMARKT TRADE AND FINANCIAL CENTER S/A,NTFC31,260000.0
NEUMARKT TRADE AND FINANCIAL CENTER S/A,NTFC32,260000.0
NEUMARKT TRADE AND FINANCIAL CENTER S/A,NTFC41,260000.0
NEUMARKT TRADE AND FINANCIAL CENTER S/A,NTFC42,260000.0
NEUMARKT TRADE AND FINANCIAL CENTER S/A,NTFC51,260000.0
NEUMARKT TRADE AND FINANCIAL CENTER S/A,NTFC52,260000.0
NEUMARKT TRADE AND FINANCIAL CENTER S/A,NTFC61,260000.0
NEUMARKT TRADE AND FINANCIAL CENTER S/A,NTFC62,260000.0
NEUMARKT TRADE AND FINANCIAL CENTER S/A,NTFC71,260000.0
NEUMARKT TRADE AND FINANCIAL CENTER S/A,NTFC72,260000.0
NEUMARKT TRADE AND FINANCIAL CENTER S/A,NTFC81,260000.0
NEUMARKT TRADE AND FINANCIAL CENTER S/A,NTFC82,260000.0
NEUMARKT TRADE AND FINANCIAL CENTER S/A,NTFC91,260000.0
NEUMARKT TRADE AND FINANCIAL CENTER S/A,NTFC92,260000.0
NORTE BRASIL TRANSMISSORA DE ENERGIA SA,NRTB11,100000000.0
NORTE BRASIL TRANSMISSORA DE ENERGIA SA,NRTB21,100000000.0
NOTRE DAME INTERMEDICA SAUDE S/A,NOTR11,300000000.0
NOVA ASA BRANCA I ENERGIAS RENOVAVEIS SA,NVSA11,53000000.0
NOVA ASA BRANCA II ENERGIAS RENOVAVEIS SA,NVAS11,58000000.0
NOVA ASA BRANCA III ENERGIAS RENOVAVEIS S/A,NVAR11,50000000.0
NOVA EURUS IV ENERGIAS RENOVAVEIS SA,NVEU11,30000000.0
NOVA VENTO FORMOSO ENERGIAS RENOVAVEIS SA,NVFE11,97402000.0
NOVA VENTOS DE TIANGUA ENERGIAS RENOVAVEIS  SA,NVTE11,97403000.0
NOVA VENTOS DE TIANGUA NORTE ENERGIAS RENOVAVEIS SA,NVTN11,103896000.0
NOVA VENTOS DO MORRO DO CHAPEU ENERGIAS RENOVAVEIS  SA,NVMC11,97403000.0
NOVA VENTOS DO PARAZINHO ENERGIAS RENOVAVEIS SA,NVPE11,103896000.0
NS2COM INTERNET S/A,NSIN12,150000000.0
OAS S/A,OAEP11,400000000.0
OAS S/A,OAEP18,347350000.0
OAS S/A,OAEP28,347350000.0
OCEANAIR LINHAS AEREAS SA,OCER12,60000000.0
OCEANIC INCORPORACOES E ADMINISTRACAO S/A,OCIA11,30000000.0
ODEBRECHT  AMBIENTAL PARTICIPACOES SA,ODAP11,100000000.0
ODEBRECHT AMBIENTAL - AGUA E SANEAMENTO SA,ODBA11,100000000.0
ODEBRECHT AMBIENTAL - REGIAO METROPOLITANA DO RECIFE/GOIANA SPE SA,FOZS13,70000000.0
ODEBRECHT AMBIENTAL - SUMARE S/A,OASU11,75000000.0
ODEBRECHT AMBIENTAL SA,ODBA12,200000000.0
ODEBRECHT ENERGIA DO BRASIL SA,ODHT12,122000000.0
ODEBRECHT ENERGIA SA,ODBE12,300000000.0
ODEBRECHT ENERGIA SA,ODBE13,190000000.0
ODEBRECHT PARTICIPACOES E INVESTIMENTOS SA,ODPI11,375000000.0
ODEBRECHT REALIZACOES IMOBILIARIAS E PARTICIPACOES S/A,ODRI11,600000000.0
ODEBRECHT REALIZACOES IMOBILIARIAS E PARTICIPACOES S/A,ODRI12,242500000.0
ODEBRECHT REALIZACOES IMOBILIARIAS E PARTICIPACOES S/A,ODRI22,22500000.0
ODEBRECHT SERVICOS E PARTICIPACOES S/A,ODSP32,158000000.0
ODEBRECHT SERVICOS E PARTICIPACOES S/A,ODSP42,145000000.0
ODEBRECHT TRANSPORT SA,ODTP11,390000000.0
ODEBRECHT TRANSPORT SA,ODTR11,300000000.0
OER CACU ENERGIA S/A,OERC11,64680000.0
OER MINEIROS ENERGIA S/A,ODBC11,281270000.0
OER MIRANTE ENERGIA SA,OEMR11,60300000.0
OER NOVA ALVORADA ENERGIA SA,OENV11,77210000.0
OGX PETROLEO E GAS SA - EM RECUPERACAO JUDICIAL,OGXP11,2100000000.0
OMEGA ENERGIA E IMPLANTACAO 1 SA,OEII11,41000000.0
OMEGA ENERGIA E IMPLANTACAO 1 SA,OEII21,31000000.0
ONCOCLINICAS DO BRASIL SERVICOS MEDICOS  SA,ONCO15,130000000.0
OSX CONSTRUCAO NAVAL SA-EM RECJUDICIAL,OSXC11,17847000.0
OSX CONSTRUCAO NAVAL SA-EM RECJUDICIAL,OSXC21,1049797000.0
OSX CONSTRUCAO NAVAL SA-EM RECJUDICIAL,OSXC51,2156000.0
OSX CONSTRUCAO NAVAL SA-EM RECJUDICIAL,OSXC61,23310000.0
OURO VERDE LOCACAO E SERVICOS SA,OVTL13,180000000.0
OURO VERDE LOCACAO E SERVICOS SA,OVTL14,200000000.0
OURO VERDE LOCACAO E SERVICOS SA,OVTL23,70000000.0
PANTANAL PLAZA SHOPPING S/A,PTNL12,55286000.0
PARANA EQUIPAMENTOS  S/A,PREQ11,126000000.0
PARNAIBA GAS NATURAL SA,OGXM12,745000000.0
PARNAIBA III GERACAO DE ENERGIA SA,UTEP11,120000000.0
PARTNERS PHARMA PARTICIPACOES S/A,BTPP11,157000000.0
PCH HOLDING 2 SA,PCHH11,158192994.42000002
PDG REALTY S/A EMPREENDIMENTOS E PARTICIPACOES,PDGE11,250000000.0
PDG REALTY S/A EMPREENDIMENTOS E PARTICIPACOES,PDGE14,280000000.0
PDG REALTY S/A EMPREENDIMENTOS E PARTICIPACOES,PDGP15,600000000.0
PDG REALTY S/A EMPREENDIMENTOS E PARTICIPACOES,PDGP17,140000000.0
PDL 10 COMPANHIA SECURITIZADORA DE CREDITOS  FINANCEIROS,PDLS11,200000000.0
PDL 10 COMPANHIA SECURITIZADORA DE CREDITOS  FINANCEIROS,PDLS12,275000000.0
PDL 10 COMPANHIA SECURITIZADORA DE CREDITOS  FINANCEIROS,PDLS21,125000000.0
PDL 10 COMPANHIA SECURITIZADORA DE CREDITOS  FINANCEIROS,PDLS31,100000000.0
PDL 10 COMPANHIA SECURITIZADORA DE CREDITOS  FINANCEIROS,PDLS41,50000000.0
PDL 10 COMPANHIA SECURITIZADORA DE CREDITOS  FINANCEIROS,PDLS51,25000000.0
PEDRA CHEIROSA I ENERGIA S/A,PDCI11,52200000.0
PEDRA CHEIROSA II ENERGIA S/A,PCII11,47800000.0
PETROBRAS DISTRIBUIDORA S A,BRDT11,3518100000.0
PETROLEO BRASILEIRO S/A - PETROBRAS,PETR14,800000000.0
PHILCO ELETRONICOS S/A,PHIL11,120000000.0
PONTELAND DISTRIBUICAO S/A,PONT11,150000000.0
PORTOBELLO S/A,PTBL12,100000000.0
PORTOBELLO S/A,PTBL22,100000000.0
PORTONAVE SA- TERMINAIS PORTUARIOS DE NAVEGANTES,PTPN11,250000000.0
PORTONAVE SA- TERMINAIS PORTUARIOS DE NAVEGANTES,PTPN12,45000000.0
PORTONAVE SA- TERMINAIS PORTUARIOS DE NAVEGANTES,PTPN22,127500000.0
PORTONAVE SA- TERMINAIS PORTUARIOS DE NAVEGANTES,PTPN32,127500000.0
PRIMAV  INFRAESTRUTURA S/A,PMAV11,2100000000.0
PRIME INCORPORACOES E CONSTRUCOES S/A,PMIC11,100000000.0
PRIME REALTY II EMPREENDIMENTOS IMOBILIARIOS SA,RBCP11,30000000.0
PRODUTORES ENERGETICOS DE MANSO S/A - PROMAN,PRMN11,19600000.0
PROFARMA DISTRIBUIDORA DE PRODUTOS FARMACEUTICOS S/A,PFRM11,200000000.0
PROLAGOS S/A - CONCESSIONARIA DE SERVICOS PUBLICOS DE AGUA E ESGOTO,PRLG12,100000000.0
PROPERTY BRASIL SA,ESPB12,143000000.0
PROSEGUR BRASIL S/A TRANSPORTADORA DE VALORES E SEGURANCA,PRSG11,230000000.0
PRUDENSHOPPING SA,PRSH11,72000000.0
Q1 COMERCIAL DE ROUPAS S/A,QUCR13,24000000.0
Q1 COMERCIAL DE ROUPAS S/A,QUCR14,500000000.0
QUALICORP ADMINISTRADORA DE BENEFICIOS S/A,QCAB11,56000000.0
QUALICORP ADMINISTRADORA DE BENEFICIOS S/A,QCAB12,165000000.0
QUALICORP CORRETORA DE SEGUROS S/A,QCCS11,36000000.0
QUALICORP CORRETORA DE SEGUROS S/A,QCCS12,143000000.0
QUALICORP CORRETORA DE SEGUROS S/A,QCCS13,311000000.0
QUEIROZ GALVAO DESENVOLVIMENTO DE NEGOCIOS SA,QRZG11,310000000.0
QUEIROZ GALVAO DESENVOLVIMENTO IMOBILIARIO SA,QGDI11,450000000.0
QUEIROZ GALVAO DESENVOLVIMENTO IMOBILIARIO SA,QGDI14,100000000.0
QUEIROZ GALVAO DESENVOLVIMENTO IMOBILIARIO SA,QGIM12,170000000.0
QUEIROZ GALVAO DESENVOLVIMENTO IMOBILIARIO SA,QGIM13,100000000.0
RADIO E TELEVISAO BANDEIRANTES SA,RTBD11,250000000.0
RAIZEN ENERGIA S/A,RESA11,105975000.0
RAIZEN ENERGIA S/A,RESA21,340000000.0
RAIZEN ENERGIA S/A,RESA31,304025000.0
RANDON SA IMPLEMENTOS E PARTICIPACOES,RAPT12,300000000.0
RANDON SA IMPLEMENTOS E PARTICIPACOES,RAPT13,200000000.0
RB CAPITAL HOLDING SA,RBHO13,92000000.0
RBS PARTICIPACOES SA,RBSA11,300000000.0
RBS PARTICIPACOES SA,RBSA12,140000000.0
REALTY VII EMP IMOBILIARIOS SA,RCRE11,36000000.0
REC BETIM SA,RECB11,30400000.0
REDE DOR SAO LUIZ S/A,HMSL11,1000000000.0
REDE DOR SAO LUIZ S/A,HMSL12,100000000.0
REDE DOR SAO LUIZ S/A,HMSL15,200000000.0
REDE DOR SAO LUIZ S/A,HMSL16,200000000.0
REDE DOR SAO LUIZ S/A,MEDS11,100000000.0
REDE DOR SAO LUIZ S/A,RDOR13,650000000.0
REDE DOR SAO LUIZ S/A,RDOR14,800000000.0
REDE ENERGIA S/A,RENG14,370000000.0
REFINARIA DE PETROLEO RIOGRANDENSE SA,RPRG12,50000000.0
RENAULT DO BRASIL SA,RENA11,400000000.0
RENOSA PARTICIPACOES SA,RENO11,563000000.0
RENOVA COMPANHIA SECURITIZADORA DE CREDITOS FINANCEIROS SA,RSCF11,100000000.0
RENOVA COMPANHIA SECURITIZADORA DE CREDITOS FINANCEIROS SA,RSCF12,1000000000.0
RENOVA COMPANHIA SECURITIZADORA DE CREDITOS FINANCEIROS SA,RSCF21,100000000.0
RENOVA COMPANHIA SECURITIZADORA DE CREDITOS FINANCEIROS SA,RSCF31,100000000.0
RENOVA COMPANHIA SECURITIZADORA DE CREDITOS FINANCEIROS SA,RSCF41,400000000.0
RENOVA ENERGIA S/A,RNEV13,500000000.0
RENOVA EOLICA PARTICIPACOES SA,RNEP11,73000000.0
RENOVA EOLICA PARTICIPACOES SA,RNEP21,73000000.0
RENOVIAS CONCESSIONARIA S/A,REVC12,95000000.0
RESTOQUE COMERCIO E CONFECCOES DE ROUPAS SA,RSCC12,200000000.0
RESTOQUE COMERCIO E CONFECCOES DE ROUPAS SA,RSCC14,150000000.0
RESTOQUE COMERCIO E CONFECCOES DE ROUPAS SA,RSCC15,130000000.0
REVITA ENGENHARIA SA,REVI11,70000000.0
RI HAPPY BRINQUEDOS SA,RHPY11,135000000.0
RIALMA COMPANHIA ENERGETICA II S/A,RIAL12,60000000.0
RIALMA COMPANHIA ENERGETICA IV S/A,RIAM11,70000000.0
RIO CANOAS ENERGIA S/A,RCNE22,75000000.0
RIO GRANDE ENERGIA S/A,RIGE16,500000000.0
RIO GRANDE ENERGIA S/A,RIGE17,170000000.0
RIO IACO PARTICIPACOES SA,IACO11,1670000000.0
RIO PETROLEO SPE S/A COMPANHIA SECURITIZADORA DE CREDITOS FINANCEIROS,RPTL11,2400000000.0
ROCHA TERMINAIS PORTUARIOS E LOGISTICA SA,ROCH11,172000000.0
RODOBENS NEGOCIOS IMOBILIARIOS S/A,RDNI13,150000000.0
RODONORTE CONCESDE RODOV INTEGRADAS SA,RDNT14,130000000.0
RODOVIAS DAS COLINAS SA,RDCO14,571320000.0
RODOVIAS DAS COLINAS SA,RDCO15,100000000.0
RODOVIAS DAS COLINAS SA,RDCO24,123680000.0
RODOVIAS DAS COLINAS SA,RDCO34,255000000.0
RODOVIAS INTEGRADAS DO OESTE S/A,RVIO14,190000000.0
RODOVIAS INTEGRADAS DO OESTE S/A,RVIO15,1200000000.0
ROMPRO PARTICIPACOES SA,ROMP11,80000000.0
RR PARTICIPACOES SA,RRPA11,50000000.0
RUMO LOGISTICA OPERADORA MULTIMODAL SA,RUMO11,1400000000.0
RVA CONSTRUCOES E INCORPORACOES SA,RVAC11,80000000.0
S/A CORREIO BRAZILIENSE,CRBZ11,56000000.0
S/A O ESTADO DE SPAULO,ESTD13,150000000.0
SA CAVALCANTE PARTICIPACOES SA,SACV11,350000000.0
SAFRA LEASING S/A ARREND MERCANTIL,SFLS12,5000000000.0
SAFRA LEASING S/A ARREND MERCANTIL,SFLS13,1000000000.0
SAFRA LEASING S/A ARREND MERCANTIL,SFLS14,2000000000.0
SAFRA LEASING S/A ARREND MERCANTIL,SFLS15,2000000000.0
SALUS EMPREENDIMENTOS LOGISTICOS II S/A,SAEM11,105997830.75
SALUS EMPREENDIMENTOS LOGISTICOS S A,SLUS11,145673475.0
SALUS INFRAESTRUTURA PORTUARIA SA,SAIP11,320899000.0
SAMAR-SOLUCOES AMBIENTAIS DE ARACATUBA S/A,SLUA11,40000000.0
SANEAMENTO AMBIENTAL AGUAS DO BRASIL SA,SNAB11,60000000.0
SANEAMENTO DE GOIAS S/A,SANEA2,10000000.0
SANEAMENTO DE GOIAS S/A,SANEB2,10000000.0
SANEAMENTO DE GOIAS S/A,SANEC2,8000000.0
SANEAMENTO DE GOIAS S/A,SANED2,8000000.0
SANEAMENTO DE GOIAS S/A,SANEE2,8000000.0
SANEAMENTO DE GOIAS S/A,SANEF2,8000000.0
SANEAMENTO DE GOIAS S/A,SANEG2,8000000.0
SANEAMENTO DE GOIAS S/A,SANEH2,8000000.0
SANEAMENTO DE GOIAS S/A,SANEI2,8000000.0
SANEAMENTO DE GOIAS S/A,SANEJ2,8000000.0
SANEAMENTO DE GOIAS S/A,SANEK2,8000000.0
SANEAMENTO DE GOIAS S/A,SANEL2,8000000.0
SANEAMENTO DE GOIAS S/A,SNGO13,90000000.0
SANTA CRUZ POWER CORPORATION USINAS HIDROELETRICAS S/A,POWE11,57000000.0
SANTA CRUZ POWER CORPORATION USINAS HIDROELETRICAS S/A,POWE21,38000000.0
SANTA CRUZ POWER CORPORATION USINAS HIDROELETRICAS S/A,POWE31,41000000.0
SANTA CRUZ POWER CORPORATION USINAS HIDROELETRICAS S/A,POWE41,39000000.0
SANTA URSULA ENERGIAS RENOVAVEIS SA,URSL11,30800000.0
SANTA VITORIA DO PALMAR HOLDING SA,SVIT11,90000000.0
SANTA VITORIA DO PALMAR I ENERGIAS RENOVAVEIS SA,STVI11,17900000.0
SANTA VITORIA DO PALMAR I ENERGIAS RENOVAVEIS SA,STVI21,4500000.0
SANTA VITORIA DO PALMAR I ENERGIAS RENOVAVEIS SA,STVI31,13400000.0
SANTA VITORIA DO PALMAR II ENERGIAS RENOVAVEIS SA,SVII11,41000000.0
SANTA VITORIA DO PALMAR II ENERGIAS RENOVAVEIS SA,SVII21,10200000.0
SANTA VITORIA DO PALMAR II ENERGIAS RENOVAVEIS SA,SVII31,30700000.0
SANTA VITORIA DO PALMAR III ENERGIAS RENOVAVEIS SA,SIII11,8200000.0
SANTA VITORIA DO PALMAR III ENERGIAS RENOVAVEIS SA,SIII21,2100000.0
SANTA VITORIA DO PALMAR III ENERGIAS RENOVAVEIS SA,SIII31,6200000.0
SANTA VITORIA DO PALMAR IV ENERGIAS RENOVAVEIS SA,SNIV11,12050000.0
SANTA VITORIA DO PALMAR IV ENERGIAS RENOVAVEIS SA,SNIV21,3050000.0
SANTA VITORIA DO PALMAR IV ENERGIAS RENOVAVEIS SA,SNIV31,9100000.0
SANTA VITORIA DO PALMAR IX ENERGIAS RENOVAVEIS SA,SVIX11,8650000.0
SANTA VITORIA DO PALMAR IX ENERGIAS RENOVAVEIS SA,SVIX21,2150000.0
SANTA VITORIA DO PALMAR IX ENERGIAS RENOVAVEIS SA,SVIX31,6500000.0
SANTA VITORIA DO PALMAR V ENERGIAS RENOVAVEIS SA,STLV11,12550000.0
SANTA VITORIA DO PALMAR V ENERGIAS RENOVAVEIS SA,STLV21,3150000.0
SANTA VITORIA DO PALMAR V ENERGIAS RENOVAVEIS SA,STLV31,9400000.0
SANTA VITORIA DO PALMAR VI ENERGIAS RENOVAVEIS SA,SNVI11,14500000.0
SANTA VITORIA DO PALMAR VI ENERGIAS RENOVAVEIS SA,SNVI21,3600000.0
SANTA VITORIA DO PALMAR VI ENERGIAS RENOVAVEIS SA,SNVI31,10900000.0
SANTA VITORIA DO PALMAR VII ENERGIAS RENOVAVEIS SA,SNII11,12800000.0
SANTA VITORIA DO PALMAR VII ENERGIAS RENOVAVEIS SA,SNII21,3200000.0
SANTA VITORIA DO PALMAR VII ENERGIAS RENOVAVEIS SA,SNII31,9600000.0
SANTA VITORIA DO PALMAR VIII ENERGIAS RENOVAVEIS SA,VIII11,12150000.0
SANTA VITORIA DO PALMAR VIII ENERGIAS RENOVAVEIS SA,VIII21,3050000.0
SANTA VITORIA DO PALMAR VIII ENERGIAS RENOVAVEIS SA,VIII31,9100000.0
SANTA VITORIA DO PALMAR X ENERGIAS RENOVAVEIS SA,SVTX11,8200000.0
SANTA VITORIA DO PALMAR X ENERGIAS RENOVAVEIS SA,SVTX21,2000000.0
SANTA VITORIA DO PALMAR X ENERGIAS RENOVAVEIS SA,SVTX31,6100000.0
SANTA VITORIA DO PALMAR XI ENERGIAS RENOVAVEIS SA,SVXI11,23800000.0
SANTA VITORIA DO PALMAR XI ENERGIAS RENOVAVEIS SA,SVXI21,6000000.0
SANTA VITORIA DO PALMAR XI ENERGIAS RENOVAVEIS SA,SVXI31,17900000.0
SANTA VITORIA DO PALMAR XII ENERGIAS RENOVAVEIS SA,SVPX11,28200000.0
SANTA VITORIA DO PALMAR XII ENERGIAS RENOVAVEIS SA,SVPX21,7000000.0
SANTA VITORIA DO PALMAR XII ENERGIAS RENOVAVEIS SA,SVPX31,21100000.0
SANTANDER LEASING S/A ARRENDAMENTO MERCANTIL,AMRO14,1500000000.0
SANTANDER LEASING S/A ARRENDAMENTO MERCANTIL,AMRO15,1500000000.0
SANTANDER LEASING S/A ARRENDAMENTO MERCANTIL,AMRO16,4100000000.0
SANTANDER LEASING S/A ARRENDAMENTO MERCANTIL,STBA11,400000000.0
SANTANDER LEASING S/A ARRENDAMENTO MERCANTIL,STBA12,1200000000.0
SANTANDER LEASING S/A ARRENDAMENTO MERCANTIL,STBA13,1000000000.0
SANTANDER LEASING S/A ARRENDAMENTO MERCANTIL,STLM12,10000000000.0
SANTANDER LEASING S/A ARRENDAMENTO MERCANTIL,STLM13,20000000000.0
SANTANDER LEASING S/A ARRENDAMENTO MERCANTIL,STLMA1,990000000.0
SANTANDER LEASING S/A ARRENDAMENTO MERCANTIL,STLMB1,990000000.0
SANTANDER LEASING S/A ARRENDAMENTO MERCANTIL,STLMC1,990000000.0
SANTANDER LEASING S/A ARRENDAMENTO MERCANTIL,STLMD1,990000000.0
SANTANDER LEASING S/A ARRENDAMENTO MERCANTIL,STLME1,990000000.0
SANTANDER LEASING S/A ARRENDAMENTO MERCANTIL,STLMF1,50000000.0
SANTANDER LEASING S/A ARRENDAMENTO MERCANTIL,SUDA14,4100000000.0
SANTANDER LEASING S/A ARRENDAMENTO MERCANTIL,SUDA15,5000000000.0
SANTHER - FABRICA DE PAPEL SANTA THEREZINHA S/A,STTZ16,195000000.0
SANTO ANTONIO ENERGIA SA,SAES12,420000000.0
SANTO ANTONIO ENERGIA SA,STEN13,200000000.0
SANTO ANTONIO ENERGIA SA,STEN23,500000000.0
SANTOS BRASIL PARTICIPACOES S/A,SBPA12,100000000.0
SANTOS BRASIL PARTICIPACOES S/A,SBPA13,115000000.0
SB BONSUCESSO ADMINISTRADORA DE SHOPPINGS SA,SBBO11,39000000.0
SB BONSUCESSO ADMINISTRADORA DE SHOPPINGS SA,SBBO21,39000000.0
SCALINA S/A,SCLA11,80000000.0
SCALINA S/A,TFTP11,10000000.0
SECULUS DA AMAZONIA INDUSTRIA E COMERCIO SA,SECA11,40000000.0
SECULUS DA AMAZONIA INDUSTRIA E COMERCIO SA,SECA21,40000000.0
SER EDUCACIONAL S/A,SEER11,150000000.0
SETAH  OPERACOES SA,STAH11,100000000.0
SHOPPING CENTER TACARUNA S/A,TCRN12,46727350.160000004
SHOPPING CIDADE JARDIM  SA,CIDJ11,140000000.0
SHOPPING DO CIDADAO SERVICOS E INFORMATICA SA,EBIG11,17000000.0
SIDERURGICA NORTE BRASIL SA,SIMR13,249440000.0
SIPCAM NICHINO BRASIL S/A,SPCM12,60000000.0
SISTEMAS DE ENSINO ABRIL EDUCACAO SA,GRED13,475000000.0
SMART  RIO ACADEMIA DE GINASTICA SA,SMRR11,50000000.0
SMARTFIT ESCOLA DE GINASTICA E DANCA S/A,SBIO11,150000000.0
SNB  PARTICIPACOES S/A,SNB 11,2901487660.0
SOARES PENIDO PARTICIPACOES E EMPREENDIMENTOS S/A,SPPE14,410000000.0
SOCIEDADE ADMINISTRADORA DE ESTACIONAMENTOS E SERVICOS SA,SASS11,10000000.0
SOCIEDADE COMERCIAL E IMPORTADORA HERMES S/A,HERS13,150000000.0
SOLARIS EQUIPAMENTOS E SERVICOS SA,SOLA11,80000000.0
SONAE SIERRA BRASIL S/A,SSBR11,95500000.0
SONAE SIERRA BRASIL S/A,SSBR21,204500000.0
SONDA SUPERMERCADOS EXPORTACAO E IMPORTACAO S/A,SNDA11,200000000.0
SPE BOA VISTA 2 ENERGIA SA,VSEN11,50000000.0
SPE BRASIL SOLAIR LOCACAO E ARRENDAMENTO DE PAINEIS SOLARES SA,SPES11,200000000.0
SPE SAO FRANCISCO EMPREENDIMENTOS IMOBILIARIOS SA,FRNS11,51200000.0
STAR ONE SA,STAR11,950000000.0
STEMAC  SA GRUPOS GERADORES,STMC11,75000000.0
STN - SISTEMA DE TRANSMISSAO NORDESTE SA,STSN11,101000000.0
SUL AMERICA S/A,SULM11,500000000.0
SUL AMERICA S/A,SULM13,370000000.0
SUL AMERICA S/A,SULM23,130000000.0
SUPERVIA-CONCESSIONARIA DE TRANSPORTE FERROVIARIO SA,SPVI12,300000000.0
SUSTENTA COMERCIALIZADORA DE ENERGIA SA,SUTE11,20000000.0
T4F ENTRETENIMENTO S/A,TIVF12,50000000.0
TANGARA ENERGIA SA,TREG11,120000000.0
TANGARA ENERGIA SA,TREG12,160000000.0
TEC TOY SA,TOYB11,7500000.0
TECNISA S/A,TCNS23,106200000.0
TECNISA S/A,TCNS33,33330000.0
TEGMA GESTAO LOGISTICA S/A,TGMA11,60000000.0
TEGMA GESTAO LOGISTICA S/A,TGMA12,80000000.0
TEGMA GESTAO LOGISTICA S/A,TGMA21,140000000.0
TEGMA GESTAO LOGISTICA S/A,TGMA22,70000000.0
TELEFONICA BRASIL S/A,TEBR13,2000000000.0
TELEFONICA BRASIL S/A,TFBR14,1300000000.0
TELEFONICA BRASIL S/A,VIVO34,72000000.0
TERMELETRICA   PERNAMBUCO  III   SA,TEPE11,75000000.0
TERMELETRICA   PERNAMBUCO  III   SA,TEPE21,75000000.0
TERMELETRICA   PERNAMBUCO  III   SA,TEPE31,75000000.0
TERMELETRICA   PERNAMBUCO  III   SA,TEPE41,75000000.0
TERMELETRICA VIANA SA,TVIA12,55700000.0
TERMELETRICA VIANA SA,TVIA22,55700000.0
TERMELETRICA VIANA SA,TVIA32,55700000.0
TERMELETRICA VIANA SA,TVIA42,77900000.0
TERMOPERNAMBUCO SA,TERP14,124500000.0
TERMOPERNAMBUCO SA,TERP24,555500000.0
TERMOPERNAMBUCO SA,TERP34,120000000.0
TIVIT TERCEIRIZACAO DE PROCESSOS SERVICOS E TECNOLOGIA S/A,DTHL11,550000000.0
TOPICO LOCACOES DE GALPOES E EQUIPAMENTOS PARA INDUSTRIAS SA,TLGE11,156000000.0
TPI - TRIUNFO PARTICIPACOES E INVESTIMENTOS S/A,TPIS13,180000000.0
TPI - TRIUNFO PARTICIPACOES E INVESTIMENTOS S/A,TPIS14,80660000.0
TPI - TRIUNFO PARTICIPACOES E INVESTIMENTOS S/A,TPIS24,391840000.0
TRACTEBEL ENERGIA S/A,TBLE15,165000000.0
TRANSMISSORA ALIANCA DE ENERGIA ELETRICA S/A,TAEE13,665000000.0
TRANSMISSORA ALIANCA DE ENERGIA ELETRICA S/A,TAEE23,793000000.0
TRANSMISSORA ALIANCA DE ENERGIA ELETRICA S/A,TAEE33,702000000.0
TRANSMISSORA ALIANCA DE ENERGIA ELETRICA S/A,TAES22,245000000.0
TRANSMISSORA ALIANCA DE ENERGIA ELETRICA S/A,TAES42,145000000.0
TRANSMISSORA SUL BRASILEIRA DE ENERGIA SA,TSBE12,77550000.0
TRAPEZIO SA,TRPZ14,560000000.0
TRIANGULO DO SOL AUTO - ESTRADAS S/A,TSAE12,324020000.0
TRIANGULO DO SOL AUTO - ESTRADAS S/A,TSAE22,367050000.0
TRX HOLDING  INVESTIMENTOS E PARTICIPACOES SA,TRXH11,29000000.0
TULIP ITAGUAI HOTELARIA SPE SA,TLIP13,23000000.0
TUPER SA,TUPE12,150000000.0
ULTRAFERTIL S/A,ULFT11,115000000.0
ULTRAPAR PARTICIPACOES S/A,UGPA15,800000000.0
UNIAO QUIMICA FARMACEUTICA NACIONAL SA,UQFN12,30500000.0
UNIAO QUIMICA FARMACEUTICA NACIONAL SA,UQFN22,169500000.0
UNIDAS S/A,UNDA12,420000000.0
UNIDAS S/A,UNDA13,120000000.0
UNIDAS S/A,UNDA14,0.0
UNIDAS S/A,UNDA15,120000000.0
UNIDAS S/A,UNDA16,100000000.0
UNIDAS S/A,UNDA17,100000000.0
UNIDAS S/A,UNDA22,80000000.0
UNIDAS S/A,UNDA27,70000000.0
UNIMED RIO PARTICIPACOES E INVESTIMENTOS SA,UNPR11,100000000.0
UNIPAR CARBOCLORO S/A,UNIP12,550000000.0
USINA ACUCAREIRA ESTER S/A,ESTR11,60000000.0
USINA CAETE   SA,USCA11,115000000.0
USINA CAETE   SA,USCA21,70000000.0
USINA DE ENERGIA EOLICA  VILA AMAZONAS V SA,EOLZ11,57500000.0
USINA DE ENERGIA EOLICA  VILA PARA III SA,UEPI11,57500000.0
USINA DE ENERGIA EOLICA VILA  PARA I SA,UEVP11,57500000.0
USINA DE ENERGIA EOLICA VILA  PARA II SA,EPII11,57500000.0
USINA SOBRASIL SA,USBR11,65000000.0
USINAS SIDERURGICAS DE MG S/A - USIMINAS,USIM16,1000000000.0
UTC ENGENHARIA S/A,UTCE11,562500000.0
UTC PARTICIPACOES S/A,UTCP13,637500000.0
UTC PARTICIPACOES S/A,UTCP23,300000000.0
VALE DO TIJUCO ACUCAR E ALCOOL S/A,VITJ11,120000000.0
VALE S/A,CVRDA6,990000.0
VALE S/A,CVRDB6,990000.0
VALE S/A,CVRDC6,990000.0
VALE S/A,CVRDD6,915590.56
VALE S/A,VALE18,600000000.0
VALE S/A,VALE19,800000000.0
VALE S/A,VALE28,150000000.0
VALE S/A,VALE29,550000000.0
VALE S/A,VALE38,100000000.0
VALE S/A,VALE48,150000000.0
VALID SOLUCOES E SERVICOS DE SEGURANCA EM MEIOS DE PAGAMENTO E IDENTIFICACAO S/A,VLID14,250000000.0
VALID SOLUCOES E SERVICOS DE SEGURANCA EM MEIOS DE PAGAMENTO E IDENTIFICACAO S/A,VLID15,62500000.0
VALID SOLUCOES E SERVICOS DE SEGURANCA EM MEIOS DE PAGAMENTO E IDENTIFICACAO S/A,VLID16,199613000.0
VENTOS DE SANTO URIEL SA,VSUR11,31000000.0
VENTOS DE SAO TITO HOLDING S/A,VNTT11,111000000.0
VENTOS DE SAO TOME HOLDING SA,TOME12,89000000.0
VERTICO LIMEIRA EMPREENDIMENTO IMOBILIARIO SA,VTCO13,85000000.0
VESSEL-LOG COMPANHIA BRASILEIRA DE NAVEGACAO E  LOGISTICA SA,VSEL11,38668000.0
VESSEL-LOG COMPANHIA BRASILEIRA DE NAVEGACAO E  LOGISTICA SA,VSEL21,38668000.0
VESSEL-LOG COMPANHIA BRASILEIRA DE NAVEGACAO E  LOGISTICA SA,VSEL31,38668000.0
VESSEL-LOG COMPANHIA BRASILEIRA DE NAVEGACAO E  LOGISTICA SA,VSEL41,28996000.0
VIACAO PIRACICABANA SA ,PATR11,80000000.0
VIANORTE S/A,VIAN21,100000000.0
VIANORTE S/A,VNRT12,150000000.0
VIARONDON CONCESSIONARIA DE RODOVIA SA,VRDN11,300000000.0
VIDEOLAR SA,VDLA11,300000000.0
VIDROPORTO SA,VDPT11,134000000.0
VIGOR ALIMENTOS SA,VIGO11,310000000.0
VIGOR ALIMENTOS SA,VIGO21,100000000.0
VILA CATARINA SHOPPING SA,VILC11,51000000.0
VILA REAL ENERGIA SA,VLRL11,38000000.0
VITAL ENGENHARIA AMBIENTAL SA,VTEG12,100000000.0
VIVER INCORPORADORA E CONSTRUTORA S/A,INPS11,300000000.0
VIVER INCORPORADORA E CONSTRUTORA S/A,INPS12,100000000.0
VIX LOGISTICA S/A,VIXL11,80000000.0
VLI MULTIMODAL SA,VLIM11,232358000.0
VOLTALIA  SAO  MIGUEL DO GOSTOSO PARTICIPACOES SA,VTLA11,57000000.0
VOTORANTIM  S/A,VOTR13,550000000.0
VOTORANTIM CIMENTOS S/A,VEBM18,750000000.0
VOTORANTIM CIMENTOS S/A,VEBM37,150000000.0
VOTORANTIM CIMENTOS S/A,VTCM12,1000000000.0
VOTORANTIM CIMENTOS S/A,VTCM13,600000000.0
VOTORANTIM CIMENTOS S/A,VTCM15,1200000000.0
VOTORANTIM CIMENTOS S/A,VTCM16,500000000.0
VRG LINHAS AEREAS S/A,VRGL16,1050000000.0
WOW  NUTRITION INDUSTRIA E COMERCIO SA,WOWN21,100000000.0
WTC BRASILIA EMPRE E PARTICIPACOES S/A,SNPL11,34450000.0
WTC RIO EMPREEND E PARTICIPACOES S/A,WTCR11,69875000.0
WTC RIO EMPREEND E PARTICIPACOES S/A,WTCR21,118250000.0
WTORRE ENGENHARIA E CONSTRUCAO SA,WTEC11,100000000.0
WTORRE SA,TORR11,800000000.0
WTORRE SA,TORR12,147000000.0
XNICE PARTICIPACOES  SA,XNIC11,445000000.0
YOU INC INCORPORADORA E PARTICIPACOES S/A,YOUC11,65000000.0
YUNY INCORPORADORA S/A,YUNY11,50000000.0
